0070efa0	frmMain	Public_0
0070f070	frmMain	Form_ev10
0070f120	frmMain	Form_ev13
0070f1a0	frmMain	Form_ev15
0070f370	frmMain	Form_ev19
0070f4a0	frmMain	Form_ev20
0070f530	frmMain	Form_ev21
0070f610	frmMain	Form_ev22
0070f680	frmMain	Form_ev8
0070f700	frmMain	mnuDebugDisabledebug_ev0
0070f810	frmMain	mnuDebugNoshuffle_ev0
0070f8a0	frmMain	Public_12
0070fa80	frmMain	mnuDebugResetsettings_ev0
0070fb70	frmMain	mnuDebugWin_ev0
0070fc40	frmMain	mnuFileExit_ev0
0070fcb0	frmMain	mnuFileNewgame_ev0
0070fdc0	frmMain	mnuFileUndo_ev0
0070fe30	frmMain	mnuHelpAbout_ev0
007103d0	frmMain	mnuOptionsBonziHelp_ev0
007104e0	frmMain	mnuOptionsLanguageEnglish_ev0
00710560	frmMain	mnuOptionsLanguageGerman_ev0
007105e0	frmMain	mnuOptionsLanguageNorwegian_ev0
00710660	frmMain	mnuOptionsLayoutBackBack_ev0
007106e0	frmMain	mnuOptionsLayoutBgBg_ev0
007108a0	frmMain	mnuOptionsLayoutFrontFront_ev0
00710920	frmMain	mnuOptionsRulesDrawOne_ev0
007109a0	frmMain	mnuOptionsRulesDrawThree_ev0
00710a20	frmMain	mnuOptionsSoundsDefsndSnd_ev0
00710bc0	frmMain	mnuOptionsSoundsGoalsndSnd_ev0
00710d60	frmMain	mnuOptionsSoundsPlaysounds_ev0
00710e30	frmMain	mnuThemesBeach_ev0
00710f00	frmMain	mnuThemesJungle_ev0
00710fe0	frmMain	mnuThemesRuins_ev0
007110c0	frmMain	mnuTopFile_ev0
007111b0	frmMain	mnuTopHelp_ev0
00711220	frmMain	mnuTopOptions_ev0
00711410	frmMain	tmrShutDown_ev0
00711600	frmMain	tmrUpdateTime_ev0
00711b50	modMain	Proc_711b50
00712890	modMain	Proc_712890
00712da0	modMain	Proc_712da0
00713a90	modMain	Proc_713a90
007141b0	modMain	Proc_7141b0
007148b0	modMain	Proc_7148b0
00714ce0	modMain	Proc_714ce0
00718810	modMain	Proc_718810
00718ed0	modMain	Proc_718ed0
00719470	modMain	Proc_719470
007194c0	modMain	Proc_7194c0
00719600	modMain	Proc_719600
0071a600	modMain	Proc_71a600
0071a810	modMain	Proc_71a810
0071a9e0	modMain	Proc_71a9e0
0071ae10	modMain	Proc_71ae10
0071b4c0	modMain	Proc_71b4c0
0071bc10	modMain	Proc_71bc10
0071c380	modMain	Proc_71c380
0071c9c0	modMain	Proc_71c9c0
0071ca50	modMain	Proc_71ca50
0071dbc0	modMain	Proc_71dbc0
0071ddd0	modMain	Proc_71ddd0
0071e030	modMain	Proc_71e030
0071e900	modMain	Proc_71e900
0071ecd0	modMain	Proc_71ecd0
0071f6e0	modMain	Proc_71f6e0
0071fa10	modMain	Proc_71fa10
007200b0	modMain	Proc_7200b0
00720c50	modMain	Proc_720c50
00721e30	modMain	Proc_721e30
00721ff0	modMain	Proc_721ff0
007223d0	modMain	Proc_7223d0
00722600	modMain	Proc_722600
00722870	modMain	Proc_722870
00722980	modMain	Proc_722980
00722b20	modMain	Proc_722b20
00722bc0	modMain	Proc_722bc0
00723630	modMain	Proc_723630
00723a60	modMain	Proc_723a60
00723d20	modMain	Proc_723d20
00723e10	modMain	Proc_723e10
00723fd0	modMain	Proc_723fd0
007240a0	modMain	Proc_7240a0
00724200	modMain	Proc_724200
00724e50	modMain	Proc_724e50
00724ef0	modMain	Proc_724ef0
00725520	modMain	Proc_725520
007256b0	modMain	Proc_7256b0
00725a40	frmSplash	Form_ev12
00725bb0	frmSplash	tmrEffect_ev0
