0053b3e0	frmAppointment	cmdAdd_Click
0053c290	frmAppointment	cmdDelete_Click
0053c550	frmAppointment	Form_Activate
0053ca40	frmAppointment	Form_Load
0053eeb0	frmAppointment	Form_Unload
0053efc0	frmInput	cmdCancel_Click
0053f100	frmInput	cmdOK_Click
0053f200	frmInput	Form_Activate
0053f360	frmInput	Form_KeyUp
0053f770	frmInput	Form_Load
0053f800	frmSpeak	cmdCancel_Click
0053f930	frmSpeak	cmdSpeak_Click
0053fc30	frmSpeak	Form_Activate
0053fd00	frmSpeak	Form_KeyUp
0053ffc0	frmSpeak	Form_Load
00540050	frmSpeak	Form_Unload
00540130	frmProgress	Form_Activate
005401d0	frmProgress	Form_QueryUnload
005402a0	frmMailSetup	cmdCancel_Click
00540370	frmMailSetup	cmdSave_Click
00540810	frmMailSetup	cmdTest_Click
00540de0	frmMailSetup	Form_Activate
00540eb0	frmMailSetup	Form_Load
00541a10	frmMailSetup	Form_Unload
00541a80	frmMailSetup	tabMailOptions_Click
005420f0	frmMailSetup	Public_7
00542700	frmAddFile	CancelButton_Click
005427d0	frmAddFile	OKButton_Click
00542da0	frmAddFile	Public_0
00542e10	frmAddFile	Public_1
00542e70	frmAddFile	Public_2
00542ee0	frmAddFile	Public_3
00542f40	frmDownloader	Public_2
005432c0	frmDownloader	Public_3
005437a0	frmDownloader	Public_4
00543be0	frmDownloader	Public_5
00544310	frmDownloader	Public_6
00544820	frmDownloader	Public_7
00544ad0	frmDownloader	Public_8
00544cd0	frmDownloader	Public_9
00545180	frmDownloader	Public_10
00545d00	frmDownloader	Public_11
00546c40	frmDownloader	Public_12
005474c0	frmDownloader	Public_13
00547f40	frmDownloader	Public_14
005490e0	frmDownloader	Public_15
00549240	frmDownloader	Public_16
00549750	frmDownloader	Public_17
0054a070	frmDownloader	Public_18
0054a590	frmDownloader	Public_19
0054a660	frmDownloader	Form_Activate
0054a760	frmDownloader	Form_KeyUp
0054a830	frmDownloader	Form_Load
0054c5a0	frmDownloader	Public_23
0054c6b0	frmDownloader	Form_QueryUnload
0054c8c0	frmDownloader	Form_Resize
0054c930	frmDownloader	Form_Unload
0054ca30	frmDownloader	lstQueue_DblClick
0054caa0	frmDownloader	Public_28
0054cbf0	frmDownloader	Public_29
0054fa20	frmDownloader	Public_30
0054fb90	frmDownloader	lstQueue_KeyUp
0054fc80	frmDownloader	lstQueue_MouseUp
0054fdd0	frmDownloader	mnuExit_Click
0054ff40	frmDownloader	mnuGet_Click
0054ffc0	frmDownloader	mnuOptions_Click
005500b0	frmDownloader	mnuPopupDelete_Click
00550130	frmDownloader	mnuPopupDownloadNow_Click
005501a0	frmDownloader	mnuPopupEdit_Click
00551380	frmDownloader	mnuPopupRemove_Click
005513f0	frmDownloader	mnuPopupRun_Click
00551460	frmDownloader	Public_41
00551a50	frmDownloader	MSInet_StateChanged
005560a0	frmDownloader	Public_43
00557350	frmDownloader	tb1_ButtonClick
005579f0	frmDownloader	Public_45
00557d00	frmDownloader	Public_46
00558220	frmDownloader	Public_47
00558fa0	frmDownloader	Public_48
00559ba0	frmDownloader	Public_49
0055a510	frmDownloader	tb1_ButtonMenuClick
0055a7e0	frmDownloader	tmrDownloadRate_Timer
0055b3d0	frmDownloader	Public_52
0055bc90	frmDownloader	Public_53
0055c1a0	frmDownloader	Public_0
0055c210	frmDownloader	Public_1
0055c280	frmDownloader	Public_54
0055c5d0	frmDownloaderOptions	cmdCancel_Click
0055c6a0	frmDownloaderOptions	cmdOK_Click
0055c780	frmDownloaderOptions	Public_2
0055cfb0	frmDownloaderOptions	Public_3
0055d740	frmDownloaderOptions	Form_Load
0055d7b0	frmDialog	cmdNo_Click
0055da50	frmDialog	cmdYes_Click
0055e030	frmDialog	Public_2
0055e110	frmConnectionType	cmdOK_Click
0055e680	frmConnectionType	Form_Activate
0055e750	frmConnectionType	Form_Load
0055ead0	CalendarVB	Public_111
0055eea0	CalendarVB	Public_112
0055f290	CalendarVB	Public_113
0055f300	CalendarVB	Public_114
0055f370	CalendarVB	Public_115
005604b0	CalendarVB	Public_116
00560540	CalendarVB	Public_117
005605d0	CalendarVB	Public_118
00560660	CalendarVB	Public_119
00560850	CalendarVB	Public_120
00560a30	CalendarVB	Public_121
00560ac0	CalendarVB	Public_122
00560b50	CalendarVB	Public_123
00560be0	CalendarVB	Public_124
00560c70	CalendarVB	Public_125
00560d50	CalendarVB	Public_126
00560f30	CalendarVB	Public_127
005610f0	CalendarVB	Public_128
00561890	CalendarVB	Public_129
00561900	CalendarVB	Public_130
00561c00	CalendarVB	Public_131
00561fe0	CalendarVB	Public_132
00562150	CalendarVB	Public_133
00565020	CalendarVB	Public_134
005650e0	CalendarVB	Public_135
00565170	CalendarVB	Public_136
00565440	CalendarVB	Public_137
005654b0	CalendarVB	Public_138
00566e80	CalendarVB	Public_0
00566ef0	CalendarVB	Public_1
00566fc0	CalendarVB	Public_2
00567030	CalendarVB	Public_3
00567220	CalendarVB	Public_4
00567290	CalendarVB	CalendarType_Let
005676e0	CalendarVB	Public_6
00567750	CalendarVB	Public_7
00567800	CalendarVB	Public_8
00567870	CalendarVB	Public_9
00567940	CalendarVB	Public_10
005679b0	CalendarVB	Public_11
00567aa0	CalendarVB	Public_12
00567b10	CalendarVB	Public_13
00567bf0	CalendarVB	Public_14
00567c60	CalendarVB	Public_15
00567d30	CalendarVB	Public_16
00567da0	CalendarVB	Public_17
00567e70	CalendarVB	Public_18
00567ee0	CalendarVB	Public_19
00567fb0	CalendarVB	Public_20
00568020	CalendarVB	Public_21
005680f0	CalendarVB	Public_22
00568160	CalendarVB	Public_23
00568230	CalendarVB	Public_24
005682a0	CalendarVB	Public_25
00568370	CalendarVB	Public_26
005683e0	CalendarVB	Public_27
005684b0	CalendarVB	Public_28
00568520	CalendarVB	Public_29
005685f0	CalendarVB	Public_30
00568660	CalendarVB	Public_31
00568730	CalendarVB	Public_32
005687a0	CalendarVB	Public_33
00568870	CalendarVB	Public_34
005688e0	CalendarVB	Public_35
00568950	CalendarVB	Public_36
005689c0	CalendarVB	Public_37
00568ab0	CalendarVB	Public_38
00568b20	CalendarVB	Public_39
00568c10	CalendarVB	Public_40
00568c80	CalendarVB	Public_41
00568d60	CalendarVB	Public_42
00568dd0	CalendarVB	Public_43
00568ea0	CalendarVB	Public_44
00568f10	CalendarVB	Public_45
00568ff0	CalendarVB	Public_46
00569070	CalendarVB	Public_47
005690f0	CalendarVB	Public_48
00569180	CalendarVB	Public_49
00569370	CalendarVB	Public_50
00569400	CalendarVB	Public_51
00569470	CalendarVB	YearBegin_Let
00569720	CalendarVB	Public_53
00569790	CalendarVB	YearEnd_Let
00569980	CalendarVB	Public_55
00569a30	CalendarVB	DateValue_Let
0056add0	CalendarVB	Public_57
0056ae70	CalendarVB	PeriodYear_Let
0056be90	CalendarVB	Public_59
0056bf20	CalendarVB	Picture_Set
0056c2f0	CalendarVB	Public_61
0056c380	CalendarVB	Public_62
0056c450	CalendarVB	Public_63
0056c4f0	CalendarVB	PeriodValue_Let
0056d5d0	CalendarVB	Public_65
0056d640	CalendarVB	Public_66
0056d710	CalendarVB	Public_67
0056d7b0	CalendarVB	Public_68
0056d9a0	CalendarVB	Public_69
0056da60	CalendarVB	Public_70
0056db90	CalendarVB	Public_71
0056dc50	CalendarVB	Public_72
0056dd80	CalendarVB	Public_73
0056ded0	CalendarVB	Public_74
0056e000	CalendarVB	Public_75
0056e0c0	CalendarVB	Public_76
0056e1d0	CalendarVB	Public_77
0056e270	CalendarVB	Public_78
0056e360	CalendarVB	Public_79
0056e420	CalendarVB	Public_80
0056e550	CalendarVB	Public_81
0056e610	CalendarVB	Public_82
0056e740	CalendarVB	Public_83
0056e810	CalendarVB	Public_84
0056e940	CalendarVB	Public_85
0056ea00	CalendarVB	Public_86
0056eb10	CalendarVB	Public_87
0056ebb0	CalendarVB	Public_88
0056eff0	CalendarVB	Public_89
0056f060	CalendarVB	Public_90
0056f130	CalendarVB	Public_91
0056f1d0	CalendarVB	Public_92
0056f2c0	CalendarVB	Public_93
0056f380	CalendarVB	Public_94
0056f4b0	CalendarVB	Public_95
0056f570	CalendarVB	Public_96
0056f6a0	CalendarVB	Public_97
0056f770	CalendarVB	Public_98
0056f8a0	CalendarVB	Public_99
0056f960	CalendarVB	Public_100
0056fa70	CalendarVB	Public_101
0056fb30	CalendarVB	Public_102
0056fc70	CalendarVB	Public_103
0056fce0	CalendarVB	Public_104
0056fdb0	CalendarVB	Refresh
00573a00	CalendarVB	Public_140
005745f0	CalendarVB	Public_141
00574ab0	CalendarVB	Public_142
00574d70	CalendarVB	Public_143
005752f0	CalendarVB	Public_144
005757e0	CalendarVB	Public_106
00575870	CalendarVB	Public_107
00575940	CalendarVB	Public_108
00575a10	CalendarVB	Public_145
005798f0	CalendarVB	Public_146
00579b00	CalendarVB	Public_148
00579d80	CalendarVB	Public_109
00579fc0	CalendarVB	Public_151
0057a3b0	CalendarVB	Public_152
0057afb0	CalendarVB	Public_110
0057b1b0	clsBBPlayer	Public_0
0057b220	clsBBPlayer	Public_1
0057b290	clsBBPlayer	Public_2
0057b300	clsBBPlayer	Public_3
0057b370	clsBBPlayer	Public_4
0057b450	clsBBPlayer	Public_5
0057b530	clsBBPlayer	Public_6
0057b5a0	clsBBPlayer	Public_7
0057b610	clsBBPlayer	FireBBPlayerShutDown
0057b710	clsBBPlayer	Public_9
0057b780	clsBBPlayer	Public_10
0057b800	clsBBPlayer	BBPlayerPausePlayback
0057ba20	clsBBPlayer	BBPlayerResumePlayback
0057bbd0	clsBBPlayer	Public_13
0057bc70	clsStoryReader	Public_0
0057bdb0	clsStoryReader	Public_1
0057be20	clsStoryReader	Public_2
0057bf00	clsStoryReader	Public_3
0057bfe0	clsStoryReader	Public_4
0057c050	clsStoryReader	Public_5
0057c0f0	clsStoryReader	FireStoryReaderShutDown
0057c1f0	clsStoryReader	Public_7
0057c260	clsStoryReader	Public_8
0057c2e0	clsStoryReader	StoryReaderStopPlayback
0057c4e0	clsDownloadManager	DownloadManagerHandleDownload
0057ca90	CCalendarVBMethods	Public_2
0057cde0	CCalendarVBMethods	Public_3
0057cf10	CCalendarVBMethods	Public_4
0057d290	CCalendarVBMethods	Public_5
0057d450	CCalendarVBMethods	Public_6
0057d550	CCalendarVBMethods	Public_7
0057d9f0	CCalendarVBMethods	Public_8
0057dc50	CCalendarVBMethods	Public_0
0057e540	CCalendarVBMethods	Public_1
0057e710	CCalendarVBVars	Public_1
0057e740	CCalendarVBVars	Public_2
0057e800	CCalendarVBVars	Public_3
0057e830	CCalendarVBVars	Public_4
0057e8f0	CCalendarVBVars	Public_5
0057e920	CCalendarVBVars	Public_6
0057e9e0	CCalendarVBVars	Public_7
0057ea70	CCalendarVBVars	Public_8
0057eaf0	CCalendarVBVars	Public_9
0057eb20	CCalendarVBVars	Public_10
0057ebe0	CCalendarVBVars	Public_11
0057ec10	CCalendarVBVars	Public_12
0057ed00	CCalendarVBVars	Public_14
0057edc0	CCalendarVBVars	Public_15
0057edf0	CCalendarVBVars	Public_16
0057eeb0	CCalendarVBVars	Public_17
0057eee0	CCalendarVBVars	Public_18
0057ef20	CCalendarVBVars	Public_19
0057ef50	CCalendarVBVars	Public_20
0057ef90	CCalendarVBVars	Public_0
0057f000	CCalendarVBVars	Public_21
0057fc60	CCalendarVBPeriod	Public_0
0057fcf0	CCalendarVBPeriod	Public_1
0057fd70	CCalendarVBPeriod	Public_2
0057fde0	CCalendarVBPeriod	Public_3
0057fe40	CCalendarVBPeriods	Public_6
0057fef0	CCalendarVBPeriods	Public_0
00580690	CCalendarVBPeriods	Public_1
00580770	CCalendarVBPeriods	Public_2
00580840	CCalendarVBPeriods	Public_3
00580970	CCalendarVBPeriods	Public_4
00580a00	CCalendarVBPeriods	Public_5
00580b00	CDraw	Public_0
00580b80	CDraw	Public_1
00580cb0	CDraw	Public_2
00580d30	CDraw	Public_3
00580e50	CDraw	Public_4
00580f30	CDraw	Public_38
00581020	CDraw	Public_5
00581090	CDraw	Public_6
00581140	CDraw	Public_7
00581210	CDraw	Public_8
00581320	CDraw	Public_9
005814e0	CDraw	Public_10
005815c0	CDraw	Public_11
00581630	CDraw	Public_12
005816d0	CDraw	Public_13
005817f0	CDraw	Public_14
005818b0	CDraw	Public_15
00581980	CDraw	Public_16
00581b60	CDraw	Public_17
00581f10	CDraw	Public_18
00582940	CDraw	Public_39
005829c0	CDraw	Public_40
00582a40	CDraw	Public_19
00582b10	CDraw	Public_20
00582bc0	CDraw	Public_21
00582c70	CDraw	Public_22
00582ce0	CDraw	Public_23
00582d60	CDraw	Public_24
00582e10	CDraw	Public_25
00582ec0	CDraw	Public_26
00582fa0	CDraw	Public_27
00583040	CDraw	Public_28
00583540	CDraw	Public_29
00583620	CDraw	Public_30
00583700	CDraw	Public_31
005837c0	CDraw	Public_32
00583bd0	CDraw	Public_33
00583c40	CDraw	Public_34
00583cb0	CDraw	Public_35
00583d20	CDraw	Public_36
00583dc0	clsDrawPictures	Public_0
00584740	clsDrawPictures	Public_5
00584d40	clsDrawPictures	Public_1
00585120	clsDrawPictures	Public_2
005852f0	clsDrawPictures	Public_6
00585370	clsDrawPictures	Public_7
005853f0	clsDrawPictures	Public_3
005856e0	clsDrawPictures	Public_4
00585790	CPeriod	Public_0
00585820	CPeriod	Public_1
005858a0	CPeriod	Public_2
00585910	CPeriod	Public_3
00585970	CPeriods	Public_6
00585a20	CPeriods	Public_0
005861c0	CPeriods	Public_1
005862a0	CPeriods	Public_2
00586370	CPeriods	Public_3
005864a0	CPeriods	Public_4
00586530	CPeriods	Public_5
00586610	CMemoryDC	Public_11
005866a0	CMemoryDC	Public_0
00586720	CMemoryDC	Public_1
00586790	CMemoryDC	Public_2
00586810	CMemoryDC	Public_3
00586880	CMemoryDC	Public_4
00586920	CMemoryDC	Public_5
00586a80	CMemoryDC	Public_6
00586c50	CMemoryDC	Public_7
00586cf0	CMemoryDC	Public_8
00586d90	CMemoryDC	Public_9
00586e00	CMemoryDC	Public_10
00586ec0	CMemoryDC	Public_12
00587180	cFlatControl	Attach
00587e70	cFlatControl	Public_1
00587ef0	cFlatControl	Public_3
00588410	cFlatControl	Public_4
00588930	cFlatControl	Public_6
00588b60	cFlatControl	Public_7
00588d70	cFlatControl	Public_9
00589060	cFlatControl	Public_2
00589170	cFlatControl	Public_12
00589270	cFlatControl	Public_14
005892e0	cFlatControl	Public_15
005893a0	cFlatControl	Public_16
00589610	FToolTip	Public_0
00589950	FToolTip	Form_Initialize
005899d0	FToolTip	Public_1
00589a40	FToolTip	Public_2
00589aa0	FToolTip	Public_3
00589b10	FToolTip	Public_4
00589b70	FToolTip	Public_5
00589c90	FToolTip	Public_6
00589d20	FToolTip	Public_7
00589df0	FToolTip	Public_10
0058a3e0	FToolTip	tmrToolTip_Timer
0058a590	FToolTip	Public_8
0058a600	ppAppearance	Public_0
0058a690	ppAppearance	Public_1
0058a720	ppAppearance	Public_2
0058a7b0	ppAppearance	Public_3
0058a840	ppAppearance	Public_4
0058a8d0	ppAppearance	Public_5
0058ae00	ppAppearance	Public_6
0058b420	ppAppearance	Public_7
0058b690	ppAppearance	Public_8
0058b850	ppAppearance	Public_9
0058ba80	ppAppearance	Public_10
0058bb10	ppAppearance	Public_11
0058bba0	ppAppearance	Public_12
0058bd60	frmCalendar2	cmdAdd_Click
0058bdd0	frmCalendar2	cmdDelete_Click
0058be40	frmCalendar2	cmdOK_Click
0058bfc0	frmCalendar2	Form_Activate
0058c090	frmCalendar2	Form_KeyUp
0058d810	frmCalendar2	Form_Load
0058d9d0	frmCalendar2	lviewSchedule_DblClick
0058dc30	frmCalendar2	CalendarVB1_UnknownEvent_C
0058dcd0	frmCalendar2	cmdEdit_Click
005905e0	frmCalendar2	Public_10
00591db0	frmCalendar2	Public_11
00593b00	frmCalendar2	CalendarVB1_UnknownEvent_B
00593b80	frmCalendar2	Public_0
005942e0	frmCalendar2	Public_13
00595160	frmCalendar2	Public_14
005954d0	clsAddressBook	Public_0
005955f0	clsAddressBook	Public_1
005956e0	clsAddressBook	Public_2
005959a0	clsAddressBook	Public_3
00595aa0	clsAddressBook	Public_4
00595e00	clsAddressBook	PopulateList
00596380	clsAddressBook	Public_7
00596510	clsBBuddyMoveClass	Public_6
00596580	clsBBuddyMoveClass	Public_7
00596e30	clsBBuddyMoveClass	Public_8
00596ef0	clsBBuddyMoveClass	Public_0
00597e50	clsBBuddyMoveClass	Public_1
00598a90	clsBBuddyMoveClass	Public_9
00598ba0	clsBBuddyMoveClass	Public_2
00598c80	clsBBuddyMoveClass	Public_3
00598d50	clsBBuddyMoveClass	Public_10
00598dc0	clsBBuddyMoveClass	Public_4
00598e30	clsBBuddyMoveClass	Public_5
00598f00	clsBBuddyMoveClass	Public_11
00599250	frmAddressBook	cmdCancel_Click
005992e0	frmAddressBook	cmdDelete_Click
00599550	frmAddressBook	cmdImport_Click
00599810	frmAddressBook	cmdNew_Click
00599e00	frmAddressBook	cmdOK_Click
0059a0c0	frmAddressBook	cmdProperties_Click
0059a8a0	frmAddressBook	cmdTo_Click
0059add0	frmAddressBook	Form_Activate
0059b050	frmAddressBook	Form_Load
0059b160	frmAddressBook	Public_10
0059b2f0	frmAddressBook	Form_Unload
0059b4c0	frmAddressBook	lstAddresses_DblClick
0059b550	frmAddressBook	Public_0
0059bf00	frmAddressProperties	Public_0
0059bf70	frmAddressProperties	Public_1
0059bfe0	frmAddressProperties	Public_2
0059c050	frmAddressProperties	Public_3
0059c0c0	frmAddressProperties	Public_4
0059c150	frmAddressProperties	cmdCancel_Click
0059c1e0	frmAddressProperties	cmdOK_Click
0059c890	frmAddressProperties	Form_Activate
0059c950	frmAddressProperties	Form_Load
0059c9c0	frmNBAbout	cmdSysInfo_Click
0059ca50	frmNBAbout	cmdOK_Click
0059cb20	frmNBAbout	Form_Load
0059d210	frmNBAbout	Public_0
0059d4e0	frmNBAbout	Public_1
0059d940	frmNBProgress	Form_Load
0059da00	frmNBProgress	Form_Unload
0059dba0	frmNBProgress	Timer1_Timer
0059dea0	frmNetBOOST	CheckSettings
005a0bb0	frmNetBOOST	btnAbout_Click
005a0ca0	frmNetBOOST	btnApply_Click
005a3a30	frmNetBOOST	btnCancel_Click
005a3b20	frmNetBOOST	cboRWIN_Click
005a3bb0	frmNetBOOST	Form_Activate
005a4ca0	frmNetBOOST	Form_Load
005a83b0	frmNetBOOST	optDialUP_Click
005a8a00	frmNetBOOST	optLAN_Click
005a8e10	frmNetBOOST	optMTU1_Click
005a8ea0	frmNetBOOST	optMTU2_Click
005a8f30	frmNetBOOST	optMTU3_Click
005a8fc0	frmNetBOOST	optRWIN1_Click
005a9050	frmNetBOOST	optRWIN2_Click
005a90e0	frmNetBOOST	optRWIN3_Click
005a9170	frmNetBOOST	optTTL1_Click
005a9200	frmNetBOOST	optTTL2_Click
005a9290	frmNetBOOST	optTTL3_Click
005a9320	frmNetBOOST	txtMTU_Change
005a93b0	frmNetBOOST	txtRWIN_Change
005a9440	frmNetBOOST	txtTTL_Change
005a94d0	frmRegistration	cmdRegister_Click
005a9550	frmRegistration	Public_1
005ab890	frmRegistration	Public_2
005ac0c0	frmRegistration	Public_3
005ad1a0	frmRegistration	Form_Activate
005ad410	frmRegistration	Form_Click
005ad680	frmRegistration	Form_Load
005ae620	frmRegistration	Form_QueryUnload
005ae810	frmRegistration	Form_Unload
005ae900	modFancyPreviousInstanceStuff	Proc_5ae900
005ae9b0	modFancyPreviousInstanceStuff	Proc_5ae9b0
005aea80	modFancyPreviousInstanceStuff	Proc_5aea80
005aeab0	modFancyPreviousInstanceStuff	Proc_5aeab0
005aead0	modFancyPreviousInstanceStuff	Proc_5aead0
005aeb10	modFancyPreviousInstanceStuff	Proc_5aeb10
005aeb30	modFancyPreviousInstanceStuff	Proc_5aeb30
005aee00	frmEmailConfirm	cmdCancel_Click
005aeed0	frmEmailConfirm	cmdOK_Click
005af7d0	frmEmailConfirm	Form_Activate
005afc10	frmEmailQueue	Public_0
005afc80	frmEmailQueue	Public_1
005afcf0	frmEmailQueue	Public_2
005afd70	frmEmailQueue	cmdClose_Click
005afe00	frmEmailQueue	cmdHelp_Click
005afed0	frmEmailQueue	QueueMessage
005b0ab0	frmEmailQueue	cmdSend_Click
005b13e0	frmEmailQueue	DNS1_ev9
005b1450	frmEmailQueue	Form_Load
005b1600	frmEmailQueue	Form_Resize
005b1ee0	frmEmailQueue	Public_11
005b29d0	frmEmailQueue	SendNewMessages
005b2bd0	frmEmailQueue	Form_Unload
005b2c60	frmEmailQueue	Public_13
005b2cf0	frmEmailQueue	Public_14
005b2d90	frmEmailQueue	tmrReloadMsgs_Timer
005b3150	frmEmailQueue	Public_16
005b32e0	frmEmailQueue	SendMessage
005b90e0	frmEmailQueue	Public_18
005b96b0	frmEmailQueue	GetMailServers
005ba5f0	frmEmailQueue	Public_20
005babe0	frmEmailQueue	Public_21
005baec0	frmEmailQueue	Public_22
005baf40	frmEmailQueue	SendMessageHTTP
005bbb90	frmEmailQueue	Inet1_StateChanged
005bc010	frmEmailQueue	Public_25
005bc150	modMail	Proc_5bc150
005bc340	modMail	Proc_5bc340
005bc620	modMail	Proc_5bc620
005bcd30	modMail	Proc_5bcd30
005bcde0	modMail	Proc_5bcde0
005bcef0	modMail	Proc_5bcef0
005bcfe0	modMail	Proc_5bcfe0
005bdc30	modMail	Proc_5bdc30
005be1e0	modMail	Proc_5be1e0
005be5b0	modMail	Proc_5be5b0
005be6b0	frmTellAFriend	cmdSend_Click
005beb10	frmTellAFriend	cmdTo_Click
005bee00	frmTellAFriend	Form_Activate
005bf1d0	frmTellAFriend	Form_Load
005bf2a0	frmTellAFriend	Form_Unload
005bf380	frmTellAFriend	Public_0
005bf6c0	frmSingSong	chkSingStartStop_Click
005bf820	frmSingSong	Public_3
005bf900	frmSingSong	cmdMusicLicense_Click
005bf9f0	frmSingSong	cmdSing_Click
005bfab0	frmSingSong	cmdStopSinging_Click
005bfb70	frmSingSong	Form_Activate
005bfc40	frmSingSong	Form_Load
005bfcb0	frmSingSong	Form_Resize
005c0900	frmSingSong	Public_10
005c5e80	frmSingSong	Public_11
005c6050	frmSingSong	ContinueSinging
005c6780	frmSingSong	CompleteSinging
005c6a90	frmSingSong	Public_12
005c6c30	frmSingSong	Form_Unload
005c6d10	frmSingSong	lviewSongs_DblClick
005c6e70	frmMusicLicense	Form_Load
005c77f0	frmBBIMReverseList	Form_Load
005c7860	frmBBIMReverseList	Public_1
005c7fc0	frmBBIMReverseList	lstReverse_MouseUp
005c8320	frmBBIMReverseList	mnuAddFriend_Click
005c8640	frmBBIMReverseList	mnuProperties_Click
005c8780	frmBBIMReverseList	OKButton_Click
005c8850	frmBBIMReverseList	Public_6
005c91d0	BBIMContact	Public_0
005c9250	BBIMContact	Public_1
005c92e0	BBIMContact	Public_2
005c9370	BBIMContact	Public_3
005c9400	BBIMContact	Public_4
005c9460	BBIMContact	Public_5
005c94d0	BBIMContact	Public_6
005c9540	BBIMContact	Public_7
005c95a0	BBIMContacts	Public_0
005c9a90	BBIMContacts	Public_1
005c9c60	BBIMContacts	Public_2
005c9cf0	BBIMContacts	Public_3
005c9f80	BBIMContacts	Public_4
005ca060	BBIMContacts	Public_5
005ca110	BBIMContacts	Public_6
005ca1c0	BBIMSession	Public_0
005ca240	BBIMSession	Public_1
005ca2d0	BBIMSession	Public_2
005ca360	BBIMSession	Public_3
005ca3f0	BBIMSession	Public_6
005ca460	BBIMSession	Public_4
005ca4f0	BBIMSession	Public_5
005ca580	BBIMSessions	Public_0
005ca990	BBIMSessions	Public_1
005cab60	BBIMSessions	Public_2
005cabf0	BBIMSessions	Public_3
005cacc0	BBIMSessions	Public_4
005cada0	BBIMSessions	Public_5
005cae50	BBIMSessions	Public_6
005caf00	modGenericCommands	Proc_5caf00
005d1820	frmBBIMDialog	CancelButton_Click
005d1940	frmBBIMDialog	Form_Load
005d19f0	frmBBIMDialog	OKButton_Click
005d1b60	frmMsgEdit	cmdPerformAction_Click
005d1db0	frmMsgEdit	cmdRead_Click
005d2400	frmMsgEdit	cmdSend_ev0
005d24b0	frmMsgEdit	PrepAttachment
005d2b40	frmMsgEdit	cmdTo_Click
005d2e60	frmMsgEdit	cmdViewQueue_Click
005d2f50	frmMsgEdit	Form_Activate
005d3130	frmMsgEdit	Form_Load
005d4000	frmMsgEdit	Form_KeyUp
005d4110	frmMsgEdit	Form_Resize
005d4180	frmMsgEdit	Public_1
005d43e0	frmMsgEdit	Public_13
005d4540	frmMsgEdit	Public_14
005d4840	frmMsgEdit	Public_15
005d5690	frmMsgEdit	Public_16
005d59c0	frmMsgEdit	Form_Unload
005d5c60	frmMsgEdit	Public_18
005d5e60	frmMsgEdit	lviewAnimations_MouseMove
005d5f10	frmMsgEdit	lviewAnimations_OLECompleteDrag
005d6400	frmMsgEdit	lviewAnimations_OLEStartDrag
005d6680	frmMsgEdit	Public_22
005d7c40	frmMsgEdit	Public_23
005d7cd0	frmMsgEdit	Public_24
005d8780	frmMsgEdit	Public_25
005d8a00	frmMsgEdit	Public_26
005d8db0	frmMsgEdit	txtMessage_Change
005d8e20	frmMsgEdit	txtMessage_KeyUp
005d8ec0	frmMsgEdit	Public_29
005d9510	frmMsgEdit	TellAFriend
005d9c20	frmMsgEdit	QueueMessage
005dd7b0	modTextCrypt	Proc_5dd7b0
005dd980	modTextCrypt	Proc_5dd980
005ddb70	modTextCrypt	Proc_5ddb70
005ddd10	modTextCrypt	Proc_5ddd10
005de450	modTextCrypt	Proc_5de450
005dec80	frmOptionsTabbed	chkAutoRun_ev0
005ded40	frmOptionsTabbed	chkIntegrate_ev0
005dee00	frmOptionsTabbed	chkNotify_ev0
005deec0	frmOptionsTabbed	chkPromptSave_ev0
005def80	frmOptionsTabbed	chkRelaxModeOnStartup_Click
005df040	frmOptionsTabbed	chkRelaxUseHotKey_Click
005df1a0	frmOptionsTabbed	cmdAdvanced_Click
005df250	frmOptionsTabbed	cmdApply_Click
005df320	frmOptionsTabbed	cmdCancel_Click
005df3f0	frmOptionsTabbed	cmdCheckAll_ev0
005df5b0	frmOptionsTabbed	cmdOK_Click
005df6e0	frmOptionsTabbed	cmdTest_Click
005dfcb0	frmOptionsTabbed	Form_Activate
005dfd80	frmOptionsTabbed	Form_KeyDown
005e0100	frmOptionsTabbed	Form_Load
005e0d30	frmOptionsTabbed	Form_Unload
005e0ed0	frmOptionsTabbed	optAOL_Click
005e0f90	frmOptionsTabbed	optLAN_Click
005e1050	frmOptionsTabbed	optModem_Click
005e1110	frmOptionsTabbed	optRelaxMode_Click
005e1250	frmOptionsTabbed	tbsOptions_Click
005e1920	frmOptionsTabbed	Public_23
005e3320	frmOptionsTabbed	Public_24
005e5500	frmOptionsTabbed	txtCheckInterval_Change
005e55c0	frmOptionsTabbed	txtName_Change
005e5680	frmOptionsTabbed	txtPass_Change
005e5740	frmOptionsTabbed	txtRelaxIdleTime_Change
005e5800	frmOptionsTabbed	txtSalutation_Change
005e58c0	frmOptionsTabbed	txtServer_Change
005e5980	frmOptionsTabbed	Public_32
005e5a20	frmOptionsTabbed	Public_33
005e5f70	frmOptionsTabbed	Public_34
005e6100	frmOptionsTabbed	Public_35
005e63b0	frmOptionsTabbed	Public_36
005e7750	frmOptionsTabbed	Public_0
005e7940	frmBBIMSession	Public_0
005e79d0	frmBBIMSession	Public_1
005e7a40	frmBBIMSession	cmdSend_Click
005e7bb0	frmBBIMSession	Public_9
005e8480	frmBBIMSession	Public_10
005e9010	frmAgent	Form_ev6
005e9250	frmAgent	Form_Resize
005ea320	frmAgent	Form_Unload
005ea460	frmAgent	Public_2
005ea9c0	frmAgent	Public_3
005eb5b0	frmAgent	Public_4
005eb7f0	frmAgent	Public_15
005ebb90	frmAgent	Public_5
005ebeb0	frmAgent	lviewAnimations_ev20
005ebf20	frmAgent	lviewAnimations_ev0
005ebfe0	frmAgent	lviewAnimations_ev12
005ec1f0	frmAgent	lviewAnimations_ev13
005ec2c0	frmAgent	lviewAnimations_ev1
005ec380	frmAgent	lviewAnimations_ev16
005ec3f0	frmAgent	Public_22
005ec650	frmAgent	mnuClose_ev0
005ec720	frmAgent	mnuFriends_ev0
005ec860	frmAgent	mnuSendAnimation_ev0
005ec8d0	frmAgent	mnuStopBonzi_ev0
005ec990	frmAgent	mnuViewAnimation_ev0
005eca40	frmAgent	rtbHistory_ev24
005ecab0	frmAgent	rtbHistory_ev21
005ecb20	frmAgent	rtbOutgoing_ev9
005ecb90	frmAgent	rtbOutgoing_ev12
005ecc70	frmAgent	rtbOutgoing_ev13
005ed1e0	frmAgent	tbTools_ev9
005ed6d0	frmAgent	Public_34
005edfd0	frmAgent	Public_35
005ee7e0	frmAgent	Public_36
005eee60	frmAgent	cmbFontName_ev1
005ef130	frmAgent	cmbFontSize_ev1
005ef400	frmAgent	cmbFontColor_ev1
005ef990	frmAgent	Public_40
005efba0	frmAgent	Public_6
005efd60	frmAgent	Public_7
005efee0	frmAgent	Public_41
005f1620	frmAgent	Public_43
005f1820	frmAgent	lviewAnimations_ev17
005f18d0	frmAgent	lviewAnimations_ev24
005f1dc0	frmAgent	lviewAnimations_ev21
005f2040	frmAgent	Public_47
005f2470	frmAgent	Public_48
005f27a0	frmAgent	tmrClearStatus_ev0
005f29e0	frmAgent	cmdClose_ev0
005f2ab0	frmAgent	Public_0
005f2b70	frmAgent	cmdAddFriend_ev0
005f3320	frmAgent	cmdASPServices_ev0
005f36a0	frmAgent	cmdBlock_ev0
005f3c00	frmAgent	cmdAllow_ev0
005f4160	frmAgent	cmdApply_ev0
005f43b0	frmAgent	cmdCancel_ev0
005f4480	frmAgent	cmdChangeLogon_ev0
005f44f0	frmAgent	cmdOK_ev0
005f4640	frmAgent	cmdReverseList_ev0
005f4730	frmAgent	cmdSignUp_ev0
005f47a0	frmAgent	cmdSubmit_ev0
005f55f0	frmAgent	Public_12
005f7000	frmAgent	cmdTestVoice_ev0
005f7380	frmAgent	Public_14
005f7460	frmAgent	Form_ev15
005f77e0	frmAgent	Form_ev6
005f79c0	frmAgent	lstAllow_ev0
005f7bf0	frmAgent	lstBlock_ev0
005f7e20	frmAgent	tbsOptions_ev9
005f95b0	frmAgent	Public_21
005fa2c0	frmAgent	Public_22
005fb1c0	frmAgent	Public_23
005fb360	frmAgent	txtFriendEmail_ev0
005fb590	frmAgent	Form_ev10
005fb6b0	frmAgent	Form_ev20
005fb7d0	frmAgent	Form_ev9
005fbb60	frmAgent	Form_Resize
005fcc40	frmAgent	Form_Unload
005fd630	frmAgent	imgLogOn_ev0
005fd6a0	frmAgent	imgLogOn_ev5
005fd9a0	frmAgent	lblLogOn_ev1
005fda10	frmAgent	lblLogOn_ev9
005fdd10	frmAgent	m_IMSvc_ev4
005fde30	frmAgent	m_IMSvc_ev5
005fe0d0	frmAgent	m_IMSvc_ev6
005fe140	frmAgent	m_IMSvc_ev7
005fe3e0	frmAgent	m_IMSvc_ev8
005fe660	frmAgent	Public_0
005fe840	frmAgent	Public_40
005fe990	frmAgent	m_IMSvc_ev9
005fecb0	frmAgent	m_IMSvc_ev10
005fed20	frmAgent	m_IMSvc_ev11
005fedc0	frmAgent	m_IMSvc_ev12
005feec0	frmAgent	m_IMSvc_ev13
005ff290	frmAgent	mnuBlock_ev0
005ff610	frmAgent	mnuLogOnOff_ev0
005ff860	frmAgent	mnuOnlineHelp_Click
005ffa90	frmAgent	mnuPrivacy_ev0
005ffd10	frmAgent	mnuFriends_ev0
00600020	frmAgent	mnuOptions_ev0
00600110	frmAgent	Public_52
00600720	frmAgent	Form_ev6
00602360	frmAgent	m_IMSvc_ev14
00602480	frmAgent	m_IMSvc_ev15
00602560	frmAgent	m_IMSvc_ev16
00602bd0	frmAgent	m_IMSvc_ev17
00603410	frmAgent	Public_1
006034a0	frmAgent	Public_2
00603520	frmAgent	Public_3
006035b0	frmAgent	Public_4
00603630	frmAgent	Public_5
006036a0	frmAgent	Public_6
00603700	frmAgent	Public_7
00603760	frmAgent	Public_8
006037d0	frmAgent	Public_9
00603830	frmAgent	mnuExit_Click
00603c60	frmAgent	Public_59
00603d10	frmAgent	Public_60
006041c0	frmAgent	Public_61
00604d50	frmAgent	Public_62
00604fb0	frmAgent	Public_63
006053d0	frmAgent	Public_64
00605ba0	frmAgent	Public_65
00605ed0	frmAgent	Public_66
00606720	frmAgent	Public_67
006078e0	frmAgent	Public_68
00607cf0	frmAgent	Public_69
00607ea0	frmAgent	Public_70
006080d0	frmAgent	Public_71
00608630	frmAgent	mnuProperties_ev0
00608710	frmAgent	mnuRemove_ev0
006087d0	frmAgent	mnuSendMail_ev0
006088a0	frmAgent	mnuSendMessage_ev0
00608980	frmAgent	tbTools_ev9
00608eb0	frmAgent	tbTools_ev22
006099a0	frmAgent	Public_10
00609a60	frmAgent	Public_11
00609af0	frmAgent	Public_12
00609b70	frmAgent	Public_13
00609c00	frmAgent	Public_14
00609c80	frmAgent	Public_15
00609d10	frmAgent	Public_16
00609d90	frmAgent	Public_78
0060a470	frmAgent	Public_17
0060a7c0	frmAgent	Public_18
0060a970	frmAgent	Public_19
0060ad90	frmAgent	Public_20
0060b190	frmAgent	Public_21
0060b210	frmAgent	Public_22
0060b300	frmAgent	Public_79
0060b930	frmAgent	tvwFriends_ev21
0060bae0	frmAgent	tvwFriends_ev19
0060bf70	frmAgent	tvwFriends_ev13
0060c570	frmAgent	Public_83
0060cfb0	frmAgent	Public_84
0060d490	frmAgent	Public_23
0060d520	frmAgent	Public_24
0060d5a0	frmAgent	Proc_60d5a0
0060de70	frmAgent	Proc_60de70
0060e120	frmAgent	Proc_60e120
0060e250	frmAgent	Proc_60e250
0060e580	frmAgent	Proc_60e580
0060e680	frmAgent	Proc_60e680
0060e750	frmAgent	Proc_60e750
0060f260	frmAgent	Proc_60f260
0060f810	frmAgent	Proc_60f810
0060f960	frmAgent	Proc_60f960
0060fdd0	frmAgent	Proc_60fdd0
006101e0	frmAgent	Proc_6101e0
00610490	frmAgent	Proc_610490
00610570	frmAgent	Proc_610570
00610660	frmAgent	Proc_610660
00611140	frmAgent	Proc_611140
00611440	frmAgent	Public_0
00611570	frmAgent	Public_1
006115e0	frmAgent	Public_14
00611b50	frmAgent	Public_15
00614850	frmAgent	Public_16
00614bc0	frmAgent	Agent1_UnknownEvent_22
00614d30	frmAgent	Agent1_ev33
00614e90	frmAgent	Agent1_UnknownEvent_16
00615120	frmAgent	Agent1_UnknownEvent_B
006153b0	frmAgent	Agent1_UnknownEvent_C
00615590	frmAgent	Agent1_UnknownEvent_D
00615840	frmAgent	Agent1_UnknownEvent_10
00615940	frmAgent	Agent1_UnknownEvent_19
00615c20	frmAgent	SetNextRandomAction
00616490	frmAgent	Agent1_UnknownEvent_F
006165c0	frmAgent	Public_28
006166e0	frmAgent	Public_30
00616830	frmAgent	Form_ev6
00617990	frmAgent	Public_33
00617c40	frmAgent	Public_34
006186b0	frmAgent	Public_35
00618ae0	frmAgent	Public_36
00618dc0	frmAgent	Public_37
00619770	frmAgent	Public_38
00619990	frmAgent	Public_39
00619aa0	frmAgent	Form_Resize
00619b40	frmAgent	Form_Unload
0061b570	frmAgent	Public_42
0061c020	frmAgent	Public_43
0061c9d0	frmAgent	Public_44
0061cf70	frmAgent	Public_45
0061d750	frmAgent	Public_46
0061de30	frmAgent	Public_47
0061f6f0	frmAgent	Agent1_UnknownEvent_12
00629fa0	frmAgent	Public_49
0062abe0	frmAgent	Public_50
0062b090	frmAgent	Public_51
0062c9a0	frmAgent	Public_52
0062d440	frmAgent	Public_53
0062ed10	frmAgent	Inet1_StateChanged
00630290	frmAgent	m_MIE_UnknownEvent_4
006318f0	frmAgent	mnuAbout_Click
00631970	frmAgent	Public_57
00631d30	frmAgent	mnuAirline_Click
00632390	frmAgent	mnuAO_Click
00633000	frmAgent	mnuBrowse_Click
006333e0	frmAgent	mnuBWEMail_Click
00633940	frmAgent	mnuBWMember_Click
00633a30	frmAgent	mnuCalendar_Click
006340a0	frmAgent	mnuCarRentals_Click
00634730	frmAgent	mnuCheckAddons_Click
006347d0	frmAgent	mnuDownloadManager_Click
00634e00	frmAgent	mnuDownloadManagerSetup_Click
00635200	frmAgent	mnuECenter_Click
00635660	frmAgent	mnuEMAIL_Click
00635970	frmAgent	mnuConnection_Click
00635b90	frmAgent	mnuEmailSetup_Click
00636010	frmAgent	mnuExit_Click
00636440	frmAgent	mnuFact_Click
00636a20	frmAgent	mnuHide_Click
00636bf0	frmAgent	mnuHotel_Click
00637250	frmAgent	mnuIEDownload_Click
006373c0	frmAgent	mnuIM_Click
00637a00	frmAgent	mnuIS_BooksItem1_Click
00638040	frmAgent	mnuIS_BooksItem2_Click
00638620	frmAgent	mnuIS_BooksItem3_Click
00638a20	frmAgent	mnuIS_BooksItem4_Click
00638f70	frmAgent	mnuIS_GiftsItem1_Click
006394a0	frmAgent	mnuIS_GiftsItem2_Click
00639a10	frmAgent	mnuIS_GiftsItem3_Click
00639df0	frmAgent	mnuIS_Movies_Click
0063a380	frmAgent	mnuIS_Music_Click
0063a890	frmAgent	mnuJoke_Click
0063b1a0	frmAgent	mnuLessInteraction_ev0
0063b3d0	frmAgent	mnuMoreInteraction_Click
0063b600	frmAgent	mnuMyHome_Click
0063b9f0	frmAgent	mnuNetBoost_Click
0063bae0	frmAgent	mnuOnlineHelp_Click
0063bec0	frmAgent	mnuOptionsSettings_Click
0063bfd0	frmAgent	mnuReadStoryInternet_Click
0063c6d0	frmAgent	mnuReadStoryPolizoof_Click
0063cdd0	frmAgent	mnuReadStoryTreasureChest_Click
0063d4d0	frmAgent	mnuReadWeb_Click
0063d840	frmAgent	mnuRegistration_Click
0063e210	frmAgent	mnuRelaxMode_Click
0063e4b0	frmAgent	mnuSalutation_Click
0063e810	frmAgent	mnuSearch_Click
0063ebb0	frmAgent	mnuSilentMode_Click
0063ed70	frmAgent	mnuSing_Click
0063f280	frmAgent	mnuSpeak_Click
0063f850	frmAgent	mnuTalkingHelp_Click
0063fac0	frmAgent	mnuTellFriends_Click
006401c0	frmAgent	mnuTopSitesList_Click
00640360	frmAgent	mnuUpdate_Click
00640a60	frmAgent	Public_108
006417d0	frmAgent	mnuVoiceCommands_Click
00641a20	frmAgent	mnuWallet_Click
00641a90	frmAgent	m_POP3_StatusMessage
00642df0	frmAgent	m_QuietMIE_UnknownEvent_4
006431c0	frmAgent	m_MIE_ev5
006432d0	frmAgent	Public_3
00643e10	frmAgent	Public_114
006442f0	frmAgent	Public_115
00644a00	frmAgent	Public_116
006452f0	frmAgent	Public_117
00645490	frmAgent	Public_118
00645630	frmAgent	Public_119
006467b0	frmAgent	ParseRandomAction
00647eb0	frmAgent	Public_120
00648280	frmAgent	Public_121
00648650	frmAgent	Public_122
00649290	frmAgent	Public_123
0064a800	frmAgent	Public_124
0064b8b0	frmAgent	Public_125
0064be50	frmAgent	Public_126
0064c990	frmAgent	Public_127
0064cc30	frmAgent	Public_128
0064de40	frmAgent	Public_129
0064e010	frmAgent	Public_130
0064e0a0	frmAgent	Public_131
0064e9c0	frmAgent	Public_132
0064f4a0	frmAgent	Public_133
0064f8b0	frmAgent	Public_134
006509c0	frmAgent	DownloadUpdate
006516c0	frmAgent	Public_136
00653d20	frmAgent	Public_137
00655a60	frmAgent	Public_138
00655bd0	frmAgent	Public_139
00655fa0	frmAgent	Public_140
006560f0	frmAgent	Public_141
006562c0	frmAgent	Public_142
00657280	frmAgent	Public_144
00658240	frmAgent	Public_145
00658380	frmAgent	Public_146
00658be0	frmAgent	Public_147
00659070	frmAgent	Public_148
00659500	frmAgent	Public_149
00659910	frmAgent	Public_5
0065a5b0	frmAgent	mnuWriteEmail_Click
0065a960	frmAgent	tmrCharacterAction_Timer
0065bd60	frmAgent	Public_152
0065c8e0	frmAgent	tmrCharacterMove_Timer
0065ca00	frmAgent	tmrIgnoreEvents_Timer
0065cae0	frmAgent	tmrUnload_Timer
0065cbd0	frmAgent	tmrWakeUp_Timer
0065d370	frmAgent	wsConnected_Connect
0065d3e0	frmAgent	wsConnected_Error
0065d480	frmAgent	Public_159
00662d00	frmAgent	CheckForAndReadBBMessage
00663600	frmAgent	Public_161
00663760	frmAgent	Public_162
006638c0	frmAgent	PostInstalledProductInfo
00663f30	frmAgent	Public_6
00663fa0	frmAgent	Public_164
006643d0	frmAgent	ISubclass_ev5
00664440	frmAgent	ISubclass_UnknownEvent_4
006644c0	frmAgent	ISubclass_UnknownEvent_6
00664700	frmAgent	Public_7
00664e90	frmAgent	Public_168
00665f30	frmAgent	Public_8
00666080	frmAgent	Public_9
006665d0	frmAgent	Public_169
00666a90	frmAgent	Public_10
00667120	frmAgent	ActivateHotkey
00667b80	frmAgent	LoadBonz
00668b60	frmAgent	Public_170
0066aaa0	frmAgent	Public_171
0066af40	frmAgent	Public_13
0066b030	frmAgent	Public_172
0066b3c0	frmAgent	Public_173
0066b970	frmMainMenu	Public_0
0066bf00	frmMainMenu	Public_1
0066c410	frmMainMenu	Public_2
0066c560	frmMainMenu	cmdAddons_ev9
0066c600	frmMainMenu	cmdBonziIM_ev9
0066c6a0	frmMainMenu	cmdBonziMAIL_ev9
0066c810	frmMainMenu	cmdBrowse_ev9
0066cb50	frmMainMenu	cmdCalendar_ev9
0066cbf0	frmMainMenu	cmdDownloadManager_ev9
0066cc90	frmMainMenu	cmdEntertainmentCenter_ev9
0066cd30	frmMainMenu	cmdFacts_ev9
0066cdd0	frmMainMenu	cmdGoodbye_ev9
0066ce70	frmMainMenu	cmdHelp_ev9
0066cf10	frmMainMenu	cmdHide_ev9
0066cfd0	frmMainMenu	cmdJokes_ev9
0066d070	frmMainMenu	cmdOptions_ev9
0066d110	frmMainMenu	cmdRelaxMode_ev9
0066d1b0	frmMainMenu	cmdSearch_ev9
0066d240	frmMainMenu	QueueMessage
00670320	frmMainMenu	Public_19
00670820	frmMainMenu	cmdSongs_ev9
006708c0	frmMainMenu	cmdSpeak_ev9
00670960	frmMainMenu	cmdStoryBookReader_ev9
00670ad0	frmMainMenu	cmdTalkingAddOn_ev9
00670b70	frmMainMenu	cmdUpdate_ev9
00670c10	frmMainMenu	cmdWebFinance_ev9
00670cf0	frmMainMenu	cmdWebGames_ev9
00670dd0	frmMainMenu	cmdWebHome_ev9
00670e70	frmMainMenu	cmdWebEntertainment_ev9
00670f50	frmMainMenu	cmdWebShopping_ev9
00671030	frmMainMenu	cmdWebSports_ev9
00671110	frmMainMenu	cmdWebTravel_ev9
006711f0	frmMainMenu	Form_ev6
006712a0	frmMainMenu	Form_ev9
00671480	frmMainMenu	tmrButternutAnimation_ev0
00671670	frmMainMenu	tmrCheckTheTime_ev0
00671700	frmMainMenu	txtBrowse_ev5
006717a0	frmMainMenu	txtSearch_ev5
00671840	frmMainMenu	txtShareWithFriends_ev5
