frmInput	cmdCancel_ev0	cmdCancel_Click
frmInput	cmdOK_ev0	cmdOK_Click
frmInput	Form_ev10	Form_Activate
frmInput	Form_ev17	Form_KeyUp
frmInput	Form_ev6	Form_Load
frmSpeak	tmrButternutAnimation_ev0	tmrButternutAnimation_Timer
frmSpeak	cmdAddons_ev9	cmdAddons_Click
frmSpeak	cmdCancel_ev0	cmdCancel_Click
frmSpeak	cmdSpeak_ev0	cmdSpeak_Click
frmSpeak	Form_ev10	Form_Activate
frmSpeak	Form_ev17	Form_KeyUp
frmSpeak	Form_ev6	Form_Load
frmSpeak	Form_ev8	Form_Unload
frmProgress	Form_ev10	Form_Activate
frmProgress	Form_ev9	Form_QueryUnload
frmMailSetup	cmdCancel_ev0	cmdCancel_Click
frmMailSetup	cmdSave_ev0	cmdSave_Click
frmMailSetup	cmdTest_ev0	cmdTest_Click
frmMailSetup	Form_ev10	Form_Activate
frmMailSetup	Form_ev6	Form_Load
frmMailSetup	Form_ev8	Form_Unload
frmMailSetup	tabMailOptions_ev9	tabMailOptions_Click
frmAddFile	CancelButton_ev0	CancelButton_Click
frmAddFile	OKButton_ev0	OKButton_Click
frmDownloader	Form_ev10	Form_Activate
frmDownloader	Form_ev17	Form_KeyUp
frmDownloader	Form_ev6	Form_Load
frmDownloader	Form_ev9	Form_QueryUnload
frmDownloader	Form_ev7	Form_Resize
frmDownloader	Form_ev8	Form_Unload
frmDownloader	lstQueue_ev20	lstQueue_DblClick
frmDownloader	lstQueue_ev14	lstQueue_KeyUp
frmDownloader	lstQueue_ev18	lstQueue_MouseUp
frmDownloader	mnuExit_ev0	mnuExit_Click
frmDownloader	mnuGet_ev0	mnuGet_Click
frmDownloader	mnuOptions_ev0	mnuOptions_Click
frmDownloader	mnuPopupDelete_ev0	mnuPopupDelete_Click
frmDownloader	mnuPopupDownloadNow_ev0	mnuPopupDownloadNow_Click
frmDownloader	mnuPopupEdit_ev0	mnuPopupEdit_Click
frmDownloader	mnuPopupRemove_ev0	mnuPopupRemove_Click
frmDownloader	mnuPopupRun_ev0	mnuPopupRun_Click
frmDownloader	MSInet_ev9	MSInet_StateChanged
frmDownloader	tb1_ev9	tb1_ButtonClick
frmDownloader	tb1_ev22	tb1_ButtonMenuClick
frmDownloader	tmrDownloadRate_ev0	tmrDownloadRate_Timer
frmDownloaderOptions	cmdCancel_ev0	cmdCancel_Click
frmDownloaderOptions	cmdOK_ev0	cmdOK_Click
frmDownloaderOptions	Form_ev6	Form_Load
FToolTip	Form_ev23	Form_Initialize
FToolTip	tmrToolTip_ev0	tmrToolTip_Timer
frmAddressBook	cmdAddons_ev9	cmdAddons_Click
frmAddressBook	cmdCancel_ev0	cmdCancel_Click
frmAddressBook	cmdDelete_ev0	cmdDelete_Click
frmAddressBook	cmdImport_ev0	cmdImport_Click
frmAddressBook	cmdNew_ev0	cmdNew_Click
frmAddressBook	cmdOK_ev0	cmdOK_Click
frmAddressBook	cmdProperties_ev0	cmdProperties_Click
frmAddressBook	cmdTo_ev0	cmdTo_Click
frmAddressBook	Form_ev10	Form_Activate
frmAddressBook	Form_ev6	Form_Load
frmAddressBook	Form_ev8	Form_Unload
frmAddressBook	lstAddresses_ev1	lstAddresses_DblClick
frmAddressProperties	cmdCancel_ev0	cmdCancel_Click
frmAddressProperties	cmdOK_ev0	cmdOK_Click
frmAddressProperties	Form_ev10	Form_Activate
frmAddressProperties	Form_ev6	Form_Load
frmEmailConfirm	cmdCancel_ev0	cmdCancel_Click
frmEmailConfirm	cmdOK_ev0	cmdOK_Click
frmEmailConfirm	Form_ev10	Form_Activate
frmEmailQueue	cmdClose_ev0	cmdClose_Click
frmEmailQueue	cmdHelp_ev0	cmdHelp_Click
frmEmailQueue	Form_ev6	Form_Load
frmEmailQueue	Form_ev7	Form_Resize
frmEmailQueue	Form_ev8	Form_Unload
frmTellAFriend	cmdSend_ev0	cmdSend_Click
frmTellAFriend	cmdTo_ev0	cmdTo_Click
frmTellAFriend	Form_ev10	Form_Activate
frmTellAFriend	Form_ev6	Form_Load
frmTellAFriend	Form_ev8	Form_Unload
frmSingSong	tmrButternutAnimation_ev0	tmrButternutAnimation_Timer
frmSingSong	chkSingStartStop_ev0	chkSingStartStop_Click
frmSingSong	cmdAddons_ev9	cmdAddons_Click
frmSingSong	cmdMusicLicense_ev0	cmdMusicLicense_Click
frmSingSong	cmdSing_ev0	cmdSing_Click
frmSingSong	cmdStopSinging_ev0	cmdStopSinging_Click
frmSingSong	Form_ev10	Form_Activate
frmSingSong	Form_ev6	Form_Load
frmSingSong	Form_ev7	Form_Resize
frmSingSong	Form_ev8	Form_Unload
frmSingSong	lviewSongs_ev20	lviewSongs_DblClick
frmMusicLicense	Form_ev6	Form_Load
frmMsgEdit	cmdAddons_ev9	cmdAddons_Click
frmMsgEdit	cmdPerformAction_ev0	cmdPerformAction_Click
frmMsgEdit	cmdRead_ev9	cmdRead_Click
frmMsgEdit	cmdSend_ev9	cmdSend_Click
frmMsgEdit	cmdTo_ev0	cmdTo_Click
frmMsgEdit	cmdViewQueue_ev0	cmdViewQueue_Click
frmMsgEdit	Form_ev17	Form_KeyUp
frmMsgEdit	Form_ev7	Form_Resize
frmMsgEdit	Form_ev8	Form_Unload
frmMsgEdit	lblRead_ev1	lblRead_Click
frmMsgEdit	lblSend_ev1	lblSend_Click
frmMsgEdit	lviewAnimations_ev17	lviewAnimations_MouseMove
frmMsgEdit	lviewAnimations_ev24	lviewAnimations_OLECompleteDrag
frmMsgEdit	lviewAnimations_ev21	lviewAnimations_OLEStartDrag
frmMsgEdit	txtMessage_ev9	txtMessage_Change
frmMsgEdit	txtMessage_ev13	txtMessage_KeyUp
frmRegistration	cmdContinue_ev0	cmdContinue_Click
frmRegistration	cmdRegister_ev0	cmdRegister_Click
frmRegistration	cmdRegisterLater_ev0	cmdRegisterLater_Click
frmRegistration	Form_ev10	Form_Activate
frmRegistration	Form_ev12	Form_Click
frmRegistration	Form_ev6	Form_Load
frmRegistration	Form_ev9	Form_QueryUnload
frmRegistration	Form_ev8	Form_Unload
frmRegistration	inetReg_ev9	inetReg_StateChanged
frmRegistration	lblPrivacyPolicy_ev1	lblPrivacyPolicy_Click
frmPrivacyPolicy	OKButton_ev0	OKButton_Click
frmPrivacyPolicy	tmrShowMe_ev0	tmrShowMe_Timer
frmOptionsTabbed	cboRelaxHotKey_ev1	cboRelaxHotKey_Click
frmOptionsTabbed	chkRelaxModeOnStartup_ev0	chkRelaxModeOnStartup_Click
frmOptionsTabbed	chkRelaxUseHotKey_ev0	chkRelaxUseHotKey_Click
frmOptionsTabbed	cmdAdvanced_ev0	cmdAdvanced_Click
frmOptionsTabbed	cmdApply_ev0	cmdApply_Click
frmOptionsTabbed	cmdCancel_ev0	cmdCancel_Click
frmOptionsTabbed	cmdOK_ev0	cmdOK_Click
frmOptionsTabbed	cmdPersonalityDefaults_ev0	cmdPersonalityDefaults_Click
frmOptionsTabbed	cmdRegistration_ev0	cmdRegistration_Click
frmOptionsTabbed	cmdTest_ev0	cmdTest_Click
frmOptionsTabbed	Form_ev10	Form_Activate
frmOptionsTabbed	Form_ev15	Form_KeyDown
frmOptionsTabbed	Form_ev6	Form_Load
frmOptionsTabbed	Form_ev8	Form_Unload
frmOptionsTabbed	optAOL_ev0	optAOL_Click
frmOptionsTabbed	optLAN_ev0	optLAN_Click
frmOptionsTabbed	optModem_ev0	optModem_Click
frmOptionsTabbed	optRelaxMode_ev0	optRelaxMode_Click
frmOptionsTabbed	sldrFacts_ev17	sldrFacts_Change
frmOptionsTabbed	sldrInteraction_ev17	sldrInteraction_Change
frmOptionsTabbed	sldrJokes_ev17	sldrJokes_Change
frmOptionsTabbed	sldrPersonality_ev17	sldrPersonality_Change
frmOptionsTabbed	tbsOptions_ev9	tbsOptions_Click
frmOptionsTabbed	txtAddress_ev0	txtAddress_Change
frmOptionsTabbed	txtCheckInterval_ev0	txtCheckInterval_Change
frmOptionsTabbed	txtName_ev0	txtName_Change
frmOptionsTabbed	txtPass_ev0	txtPass_Change
frmOptionsTabbed	txtRelaxIdleTime_ev0	txtRelaxIdleTime_Change
frmOptionsTabbed	txtSalutation_ev0	txtSalutation_Change
frmOptionsTabbed	txtServer_ev0	txtServer_Change
frmAgent	Agent1_ev34	Agent1_UnknownEvent_22
frmAgent	Agent1_ev22	Agent1_UnknownEvent_16
frmAgent	Agent1_ev11	Agent1_UnknownEvent_B
frmAgent	Agent1_ev12	Agent1_UnknownEvent_C
frmAgent	Agent1_ev13	Agent1_UnknownEvent_D
frmAgent	Agent1_ev16	Agent1_UnknownEvent_10
frmAgent	Agent1_ev25	Agent1_UnknownEvent_19
frmAgent	Agent1_ev15	Agent1_UnknownEvent_F
frmAgent	Form_ev7	Form_Resize
frmAgent	Form_ev8	Form_Unload
frmAgent	Agent1_ev18	Agent1_UnknownEvent_12
frmAgent	Inet1_ev9	Inet1_StateChanged
frmAgent	InetBonziTaps_ev9	InetBonziTaps_StateChanged
frmAgent	InetGoldSiteAccess_ev9	InetGoldSiteAccess_StateChanged
frmAgent	m_MIE_ev4	m_MIE_UnknownEvent_4
frmAgent	mnuAbout_ev0	mnuAbout_Click
frmAgent	mnuAirline_ev0	mnuAirline_Click
frmAgent	mnuAO_ev0	mnuAO_Click
frmAgent	mnuBrowse_ev0	mnuBrowse_Click
frmAgent	mnuBWEMail_ev0	mnuBWEMail_Click
frmAgent	mnuBWMember_ev0	mnuBWMember_Click
frmAgent	mnuCalendar_ev0	mnuCalendar_Click
frmAgent	mnuCarRentals_ev0	mnuCarRentals_Click
frmAgent	mnuCheckAddons_ev0	mnuCheckAddons_Click
frmAgent	mnuCheckForNews_ev0	mnuCheckForNews_Click
frmAgent	mnuCheckForVirusAlerts_ev0	mnuCheckForVirusAlerts_Click
frmAgent	mnuDownloadManager_ev0	mnuDownloadManager_Click
frmAgent	mnuDownloadManagerSetup_ev0	mnuDownloadManagerSetup_Click
frmAgent	mnuECenter_ev0	mnuECenter_Click
frmAgent	mnuEMAIL_ev0	mnuEMAIL_Click
frmAgent	mnuConnection_ev0	mnuConnection_Click
frmAgent	mnuEmailSetup_ev0	mnuEmailSetup_Click
frmAgent	mnuExit_ev0	mnuExit_Click
frmAgent	mnuFact_ev0	mnuFact_Click
frmAgent	mnuGamesBonziBUDDYGames_ev0	mnuGamesBonziBUDDYGames_Click
frmAgent	mnuGamesBonziCHECKERS_ev0	mnuGamesBonziCHECKERS_Click
frmAgent	mnuGamesBonziJungleJigsaw_ev0	mnuGamesBonziJungleJigsaw_Click
frmAgent	mnuGamesBonziSolitaire_ev0	mnuGamesBonziSolitaire_Click
frmAgent	mnuGamesCasinoGames_ev0	mnuGamesCasinoGames_Click
frmAgent	mnuGamesGamesville_ev0	mnuGamesGamesville_Click
frmAgent	mnuGamesSportsbook_ev0	mnuGamesSportsbook_Click
frmAgent	mnuHide_ev0	mnuHide_Click
frmAgent	mnuHotel_ev0	mnuHotel_Click
frmAgent	mnuIEDownload_ev0	mnuIEDownload_Click
frmAgent	mnuIM_ev0	mnuIM_Click
frmAgent	mnuInteractionControl_ev0	mnuInteractionControl_Click
frmAgent	mnuInternetAlert_ev0	mnuInternetAlert_Click
frmAgent	mnuIS_BooksItem1_ev0	mnuIS_BooksItem1_Click
frmAgent	mnuIS_BooksItem2_ev0	mnuIS_BooksItem2_Click
frmAgent	mnuIS_BooksItem3_ev0	mnuIS_BooksItem3_Click
frmAgent	mnuIS_BooksItem4_ev0	mnuIS_BooksItem4_Click
frmAgent	mnuIS_GiftsItem1_ev0	mnuIS_GiftsItem1_Click
frmAgent	mnuIS_GiftsItem2_ev0	mnuIS_GiftsItem2_Click
frmAgent	mnuIS_GiftsItem3_ev0	mnuIS_GiftsItem3_Click
frmAgent	mnuIS_Movies_ev0	mnuIS_Movies_Click
frmAgent	mnuIS_Music_ev0	mnuIS_Music_Click
frmAgent	mnuJoke_ev0	mnuJoke_Click
frmAgent	mnuMoreInteraction_ev0	mnuMoreInteraction_Click
frmAgent	mnuMyHome_ev0	mnuMyHome_Click
frmAgent	mnuNetBoost_ev0	mnuNetBoost_Click
frmAgent	mnuOnlineHelp_ev0	mnuOnlineHelp_Click
frmAgent	mnuOptionsSettings_ev0	mnuOptionsSettings_Click
frmAgent	mnuReadStoryAlphanet_ev0	mnuReadStoryAlphanet_Click
frmAgent	mnuReadStoryInternet_ev0	mnuReadStoryInternet_Click
frmAgent	mnuReadStoryPolizoof_ev0	mnuReadStoryPolizoof_Click
frmAgent	mnuReadStoryTreasureChest_ev0	mnuReadStoryTreasureChest_Click
frmAgent	mnuReadWeb_ev0	mnuReadWeb_Click
frmAgent	mnuRegistration_ev0	mnuRegistration_Click
frmAgent	mnuRelaxMode_ev0	mnuRelaxMode_Click
frmAgent	mnuSalutation_ev0	mnuSalutation_Click
frmAgent	mnuSearch_ev0	mnuSearch_Click
frmAgent	mnuSilentMode_ev0	mnuSilentMode_Click
frmAgent	mnuSing_ev0	mnuSing_Click
frmAgent	mnuSpeak_ev0	mnuSpeak_Click
frmAgent	mnuSupport_ev0	mnuSupport_Click
frmAgent	mnuTalkingHelp_ev0	mnuTalkingHelp_Click
frmAgent	mnuTellFriends_ev0	mnuTellFriends_Click
frmAgent	mnuTopSitesList_ev0	mnuTopSitesList_Click
frmAgent	mnuUpdate_ev0	mnuUpdate_Click
frmAgent	mnuVoiceCommands_ev0	mnuVoiceCommands_Click
frmAgent	mnuWallet_ev0	mnuWallet_Click
frmAgent	m_QuietMIE_ev4	m_QuietMIE_UnknownEvent_4
frmAgent	mnuWriteEmail_ev0	mnuWriteEmail_Click
frmAgent	tmrBonziEventQueue_ev0	tmrBonziEventQueue_Timer
frmAgent	tmrCharacterAction_ev0	tmrCharacterAction_Timer
frmAgent	tmrCharacterMove_ev0	tmrCharacterMove_Timer
frmAgent	tmrEventQueueTimeout_ev0	tmrEventQueueTimeout_Timer
frmAgent	tmrIgnoreEvents_ev0	tmrIgnoreEvents_Timer
frmAgent	tmrUnload_ev0	tmrUnload_Timer
frmAgent	tmrWakeUp_ev0	tmrWakeUp_Timer
frmAgent	wsConnected_ev11	wsConnected_Connect
frmAgent	wsConnected_ev9	wsConnected_Error
frmAgent	ISubclass_ev4	ISubclass_UnknownEvent_4
frmAgent	ISubclass_ev6	ISubclass_UnknownEvent_6
frmAppointment	cmdAdd_ev0	cmdAdd_Click
frmAppointment	cmdDelete_ev0	cmdDelete_Click
frmAppointment	Form_ev10	Form_Activate
frmAppointment	Form_ev6	Form_Load
frmAppointment	Form_ev8	Form_Unload
frmDialog	cmdNo_ev0	cmdNo_Click
frmDialog	cmdYes_ev0	cmdYes_Click
frmConnectionType	cmdOK_ev0	cmdOK_Click
frmConnectionType	Form_ev10	Form_Activate
frmConnectionType	Form_ev6	Form_Load
frmCalendar2	tmrButternutAnimation_ev0	tmrButternutAnimation_Timer
frmCalendar2	cmdAdd_ev0	cmdAdd_Click
frmCalendar2	cmdAddons_ev9	cmdAddons_Click
frmCalendar2	cmdDelete_ev0	cmdDelete_Click
frmCalendar2	cmdOK_ev0	cmdOK_Click
frmCalendar2	Form_ev10	Form_Activate
frmCalendar2	Form_ev17	Form_KeyUp
frmCalendar2	Form_ev6	Form_Load
frmCalendar2	lviewSchedule_ev20	lviewSchedule_DblClick
frmCalendar2	CalendarVB1_ev12	CalendarVB1_UnknownEvent_C
frmCalendar2	cmdEdit_ev0	cmdEdit_Click
frmCalendar2	CalendarVB1_ev11	CalendarVB1_UnknownEvent_B
frmNBAbout	cmdSysInfo_ev0	cmdSysInfo_Click
frmNBAbout	cmdOK_ev0	cmdOK_Click
frmNBAbout	Form_ev6	Form_Load
frmNBProgress	Form_ev6	Form_Load
frmNBProgress	Form_ev8	Form_Unload
frmNBProgress	Timer1_ev0	Timer1_Timer
frmNetBOOST	btnAbout_ev0	btnAbout_Click
frmNetBOOST	btnApply_ev0	btnApply_Click
frmNetBOOST	btnCancel_ev0	btnCancel_Click
frmNetBOOST	cboRWIN_ev1	cboRWIN_Click
frmNetBOOST	Form_ev10	Form_Activate
frmNetBOOST	Form_ev6	Form_Load
frmNetBOOST	optDialUP_ev0	optDialUP_Click
frmNetBOOST	optLAN_ev0	optLAN_Click
frmNetBOOST	optMTU1_ev0	optMTU1_Click
frmNetBOOST	optMTU2_ev0	optMTU2_Click
frmNetBOOST	optMTU3_ev0	optMTU3_Click
frmNetBOOST	optRWIN1_ev0	optRWIN1_Click
frmNetBOOST	optRWIN2_ev0	optRWIN2_Click
frmNetBOOST	optRWIN3_ev0	optRWIN3_Click
frmNetBOOST	optTTL1_ev0	optTTL1_Click
frmNetBOOST	optTTL2_ev0	optTTL2_Click
frmNetBOOST	optTTL3_ev0	optTTL3_Click
frmNetBOOST	txtMTU_ev0	txtMTU_Change
frmNetBOOST	txtRWIN_ev0	txtRWIN_Change
frmNetBOOST	txtTTL_ev0	txtTTL_Change
frmCTBMsgBox	cmdNo_ev0	cmdNo_Click
frmCTBMsgBox	cmdYes_ev0	cmdYes_Click
frmCalendarReminder	cmdYes_ev0	cmdYes_Click
frmBBIMOptions	cmdAddFriend_ev0	cmdAddFriend_Click
frmBBIMOptions	cmdASPServices_ev0	cmdASPServices_Click
frmBBIMOptions	cmdBlock_ev0	cmdBlock_Click
frmBBIMOptions	cmdAllow_ev0	cmdAllow_Click
frmBBIMOptions	cmdApply_ev0	cmdApply_Click
frmBBIMOptions	cmdCancel_ev0	cmdCancel_Click
frmBBIMOptions	cmdChangeLogon_ev0	cmdChangeLogon_Click
frmBBIMOptions	cmdOK_ev0	cmdOK_Click
frmBBIMOptions	cmdReverseList_ev0	cmdReverseList_Click
frmBBIMOptions	cmdSignUp_ev0	cmdSignUp_Click
frmBBIMOptions	cmdSubmit_ev0	cmdSubmit_Click
frmBBIMOptions	cmdTestVoice_ev0	cmdTestVoice_Click
frmBBIMOptions	Form_ev15	Form_KeyDown
frmBBIMOptions	Form_ev6	Form_Load
frmBBIMOptions	lstAllow_ev0	lstAllow_Click
frmBBIMOptions	lstBlock_ev0	lstBlock_Click
frmBBIMOptions	tbsOptions_ev9	tbsOptions_Click
frmBBIMOptions	txtFriendEmail_ev0	txtFriendEmail_Change
frmBBIMReverseList	Form_ev6	Form_Load
frmBBIMReverseList	lstReverse_ev11	lstReverse_MouseUp
frmBBIMReverseList	mnuAddFriend_ev0	mnuAddFriend_Click
frmBBIMReverseList	mnuProperties_ev0	mnuProperties_Click
frmBBIMReverseList	OKButton_ev0	OKButton_Click
frmBBIMDialog	CancelButton_ev0	CancelButton_Click
frmBBIMDialog	Form_ev6	Form_Load
frmBBIMDialog	OKButton_ev0	OKButton_Click
frmBBIMSession	cmdSend_ev0	cmdSend_Click
frmBBIMMain	Form_ev10	Form_Activate
frmBBIMMain	Form_ev20	Form_MouseMove
frmBBIMMain	Form_ev9	Form_QueryUnload
frmBBIMMain	Form_ev7	Form_Resize
frmBBIMMain	Form_ev8	Form_Unload
frmBBIMMain	imgLogOn_ev0	imgLogOn_Click
frmBBIMMain	imgLogOn_ev5	imgLogOn_MouseMove
frmBBIMMain	lblLogOn_ev1	lblLogOn_Click
frmBBIMMain	lblLogOn_ev9	lblLogOn_MouseMove
frmBBIMMain	m_IMSvc_ev4	m_IMSvc_UnknownEvent_4
frmBBIMMain	m_IMSvc_ev5	m_IMSvc_UnknownEvent_5
frmBBIMMain	m_IMSvc_ev7	m_IMSvc_UnknownEvent_7
frmBBIMMain	m_IMSvc_ev8	m_IMSvc_UnknownEvent_8
frmBBIMMain	m_IMSvc_ev9	m_IMSvc_UnknownEvent_9
frmBBIMMain	m_IMSvc_ev11	m_IMSvc_UnknownEvent_B
frmBBIMMain	m_IMSvc_ev12	m_IMSvc_UnknownEvent_C
frmBBIMMain	m_IMSvc_ev13	m_IMSvc_UnknownEvent_D
frmBBIMMain	mnuBlock_ev0	mnuBlock_Click
frmBBIMMain	mnuLogOnOff_ev0	mnuLogOnOff_Click
frmBBIMMain	mnuOnlineHelp_ev0	mnuOnlineHelp_Click
frmBBIMMain	mnuPrivacy_ev0	mnuPrivacy_Click
frmBBIMMain	mnuFriends_ev0	mnuFriends_Click
frmBBIMMain	mnuOptions_ev0	mnuOptions_Click
frmBBIMMain	Form_ev6	Form_Load
frmBBIMMain	m_IMSvc_ev14	m_IMSvc_UnknownEvent_E
frmBBIMMain	m_IMSvc_ev15	m_IMSvc_UnknownEvent_F
frmBBIMMain	m_IMSvc_ev16	m_IMSvc_UnknownEvent_10
frmBBIMMain	m_IMSvc_ev17	m_IMSvc_UnknownEvent_11
frmBBIMMain	mnuExit_ev0	mnuExit_Click
frmBBIMMain	mnuProperties_ev0	mnuProperties_Click
frmBBIMMain	mnuRemove_ev0	mnuRemove_Click
frmBBIMMain	mnuSendMail_ev0	mnuSendMail_Click
frmBBIMMain	mnuSendMessage_ev0	mnuSendMessage_Click
frmBBIMMain	tbTools_ev9	tbTools_ButtonClick
frmBBIMMain	tbTools_ev22	tbTools_ButtonMenuClick
frmBBIMMain	tvwFriends_ev21	tvwFriends_DblClick
frmBBIMMain	tvwFriends_ev19	tvwFriends_MouseUp
frmBBIMMain	tvwFriends_ev13	tvwFriends_NodeClick
frmGoldOptions	cmdAddonsAdd_ev0	cmdAddonsAdd_Click
frmGoldOptions	cmdAddonsRemove_ev0	cmdAddonsRemove_Click
frmGoldOptions	cmdApply_ev0	cmdApply_Click
frmGoldOptions	cmdCancel_ev0	cmdCancel_Click
frmGoldOptions	cmdChangePassword_ev0	cmdChangePassword_Click
frmGoldOptions	cmdGoldSite_ev0	cmdGoldSite_Click
frmGoldOptions	cmdOK_ev0	cmdOK_Click
frmGoldOptions	cmdAddonsInstall_ev0	cmdAddonsInstall_Click
frmGoldOptions	Form_ev15	Form_KeyDown
frmGoldOptions	Form_ev6	Form_Load
frmGoldOptions	lstAddonsAvail_ev0	lstAddonsAvail_Click
frmGoldOptions	lstAddonsSelected_ev0	lstAddonsSelected_Click
frmGoldOptions	tbsOptions_ev9	tbsOptions_Click
frmGoldOptions	txtPassword_ev0	txtPassword_Change
frmGoldOptions	txtUserName_ev0	txtUserName_Change
frmGoldLogin	cmdCancel_ev0	cmdCancel_Click
frmGoldLogin	cmdLogin_ev0	cmdLogin_Click
frmGoldLogin	Form_ev6	Form_Load
frmGoldChangePassword	cmdCancel_ev0	cmdCancel_Click
frmGoldChangePassword	cmdOK_ev0	cmdOK_Click
frmGoldChangePassword	Form_ev6	Form_Load
frmGoldChangePassword	txtOldPassword_ev3	txtOldPassword_GotFocus
frmGoldChangePassword	txtPassword_ev3	txtPassword_GotFocus
frmGoldChangePassword	txtPassword2_ev3	txtPassword2_GotFocus
frmGoldPasswordEntry	cmdCancel_ev0	cmdCancel_Click
frmGoldPasswordEntry	cmdOK_ev0	cmdOK_Click
