007253c0	frmMain	Public_3
00727600	frmMain	Public_1
00727760	frmMain	Public_5
00727880	frmMain	Public_6
00727a10	frmMain	cmdCheat_ev0
00727c60	frmMain	cmdMinimize_ev9
00727d00	frmMain	cmdScoreBoard_ev9
00727dc0	frmMain	cmdScramble_ev9
00727fa0	frmMain	cmdPreviousLevel_ev9
00728110	frmMain	cmdSelectImage_ev9
007281e0	frmMain	Form_ev19
00728270	frmMain	Form_ev20
00728450	frmMain	Form_ev21
007284c0	frmMain	Public_16
00729670	frmMain	Public_17
0072ae10	frmMain	Public_18
0072b140	frmMain	cmdHint_ev13
0072b7f0	frmMain	cmdHint_ev15
0072b920	frmMain	cmdClose_ev9
0072b990	frmMain	cmdNextLevel_ev9
0072bab0	frmMain	cmdShiftDown_ev9
0072be20	frmMain	cmdShiftLeft_ev9
0072c400	frmMain	cmdShiftRight_ev9
0072c9d0	frmMain	cmdShiftUp_ev9
0072cf90	frmMain	Public_2
0072d0e0	frmMain	Form_ev15
0072d430	frmMain	Public_28
0072dfc0	frmMain	Form_ev6
0072e430	frmMain	Form_ev8
0072e520	frmMain	Picture2_ev13
0072ea30	frmMain	Timer1_ev0
0072f000	frmMain	Timer2_ev0
0072f100	frmMain	Timer3_ev0
007301a0	frmMain	Timer4_ev0
00730320	frmMain	tmrGameTimer_ev0
00730390	frmMain	Public_37
007308a0	frmMain	Public_38
00730db0	frmMain	tmrShutDown_ev0
00730fa0	Intro	Public_0
00731060	Intro	Public_1
00731130	Intro	Public_2
007311f0	Intro	Public_3
007312c0	Intro	Public_4
00731380	Intro	Public_5
00731450	Intro	Form_ev10
00731510	Intro	Form_ev6
00731730	Intro	Timer1_ev0
00731870	Kong5	Proc_731870
00731a10	Kong5	Proc_731a10
00731a90	frmSelectImage	cmdCancel_ev9
00731ba0	frmSelectImage	cmdOk_ev9
00731d60	frmSelectImage	Public_0
00732000	frmSelectImage	cmdOpen_ev9
007322b0	frmSelectImage	HScroll1_ev0
007323d0	frmSelectImage	HScroll1_ev8
007324f0	frmSelectImage	picPuzzleList_ev2
00732580	frmSelectImage	picPuzzleList_ev15
00732830	frmScores	cmdClose_ev9
00732920	frmScores	cmdNext_ev9
007329b0	frmScores	cmdPrevious_ev9
00732a40	frmScores	Public_4
00732c50	frmScores	Public_0
00732d30	clsDoublyLinkedList	Public_0
00732de0	clsDoublyLinkedList	Public_1
00732ea0	clsDoublyLinkedList	Public_2
00732f30	clsDoublyLinkedList	Public_3
007334a0	clsDoublyLinkedList	Public_4
00733580	clsDoublyLinkedList	Public_5
00733730	clsDoublyLinkedList	Public_9
007337b0	clsDoublyLinkedList	Public_10
00733830	clsDoublyLinkedListItem	Public_0
007338d0	clsDoublyLinkedListItem	Public_1
00733940	clsDoublyLinkedListItem	Public_2
007339d0	clsDoublyLinkedListItem	Public_3
00733a40	clsDoublyLinkedListItem	Public_4
00733ad0	clsDoublyLinkedListItem	Public_5
00733b40	clsDoublyLinkedListItem	Public_6
00733be0	clsDoublyLinkedListItem	Public_7
00733c50	clsDoublyLinkedListItem	Public_8
00733d70	clsDoublyLinkedListChildSkeleton	Public_0
00733e40	clsDoublyLinkedListChildSkeleton	Public_1
00733f00	clsDoublyLinkedListChildSkeleton	Public_2
00733f90	clsDoublyLinkedListChildSkeleton	Public_3
00734000	clsDoublyLinkedListChildSkeleton	Public_4
007340b0	clsDoublyLinkedListChildSkeleton	Public_5
007341c0	clsDoublyLinkedListChildSkeleton	Public_6
00734270	clsDLLScores	Public_0
00734310	clsDLLScores	Public_5
007343f0	clsDLLScores	Public_1
00734740	clsDLLScores	Public_2
007350e0	clsDLLScores	Public_4
007352d0	clsDLLIScore	Public_0
00735360	clsDLLIScore	Public_1
007353d0	clsDLLIScore	Public_2
00735490	clsDLLIScore	Public_3
00735540	clsDLLIScore	Public_4
007355d0	clsDLLIScore	Public_5
00735640	clsDLLIScore	Public_6
007356f0	clsDLLIScore	Public_7
00735800	clsDLLIScore	Public_9
007358b0	clsDLLIScore	Public_8
