extracted/BonziBuddy432/app/BonziBDY_4.EXE	BonziBDY_4.EXE	BonziBUDDY_v4.1	full
ghidra/input/BonziBDY_35.EXE	BonziBDY_35.EXE	BonziBUDDY_v3.5	events
ghidra/input/BonziBDY_2.EXE	BonziBDY_2.EXE	BonziBUDDY_v2.0	events
ghidra/input/BBReader.EXE	BBReader.EXE	BBReader_StorybookReader
extracted/BonziBuddy432/app/BonziCTB.dll	BonziCTB.dll	BonziCTB
ghidra/input/BonziCheckers.ocx	BonziCheckers.ocx	BonziCheckers_ocx
ghidra/input/BonziSolitaire.exe	BonziSolitaire.exe	BonziSolitaire
ghidra/input/Jigsaw.exe	Jigsaw.exe	BonziJigsaw
ghidra/input/BonziBUDDY_Killer.exe	BonziBUDDY_Killer.exe	third_party/BonziBUDDY_Killer_repack
ghidra/input/Regicon.ocx	Regicon.ocx	third_party/Regicon
ghidra/input/SSubTmr6.dll	SSubTmr6.dll	third_party/SSubTimer6
