00402430	6	__vbaChkstk
0040243c	6	__vbaFPException
00402448	6	adj_fdiv_m32
00402454	6	adj_fdiv_m64
00402472	6	adj_fdivr_m64
004024c0	6	DllFunctionCall
004027cc	6	ThunRTMain
004027d4	228	entry
004093ec	25	FUN_004093ec
00409b44	25	FUN_00409b44
0040a6f4	25	FUN_0040a6f4
004d6f70	232	FUN_004d6f70
004d70a0	165	FUN_004d70a0
004d7170	236	FUN_004d7170
004d7290	228	FUN_004d7290
004d73a0	121	FUN_004d73a0
004d7450	120	FUN_004d7450
004d7500	111	FUN_004d7500
004d7570	111	FUN_004d7570
004d75e0	373	FUN_004d75e0
004d7790	1254	FUN_004d7790
004d7ca0	1397	FUN_004d7ca0
004d8240	643	FUN_004d8240
004d84f0	464	FUN_004d84f0
004d8700	240	FUN_004d8700
004d87f0	424	FUN_004d87f0
004d89c0	766	FUN_004d89c0
004d8ce0	1399	FUN_004d8ce0
004d9290	5164	FUN_004d9290
004da6f0	283	FUN_004da6f0
004da840	551	FUN_004da840
004daab0	318	FUN_004daab0
004dac30	346	FUN_004dac30
004dadd0	1271	FUN_004dadd0
004db510	1439	FUN_004db510
004dbb00	12465	FUN_004dbb00
004dec50	5024	FUN_004dec50
004e0040	5030	FUN_004e0040
004e14f0	252	FUN_004e14f0
004e15f0	1342	FUN_004e15f0
004e1b60	1390	FUN_004e1b60
004e2120	631	FUN_004e2120
004e23e0	631	FUN_004e23e0
004e26a0	522	FUN_004e26a0
004e28f0	150	FUN_004e28f0
004e2990	5325	FUN_004e2990
004e3ef0	122	FUN_004e3ef0
004e3fa0	350	FUN_004e3fa0
004e4130	137	FUN_004e4130
004e41c0	835	FUN_004e41c0
004e4530	214	FUN_004e4530
004e4630	214	FUN_004e4630
004e4730	214	FUN_004e4730
004e4830	98	FUN_004e4830
004e48a0	106	FUN_004e48a0
004e4910	96	FUN_004e4910
004e4970	103	FUN_004e4970
004e49e0	96	FUN_004e49e0
004e4a40	103	FUN_004e4a40
004e4ab0	96	FUN_004e4ab0
004e4b10	103	FUN_004e4b10
004e4b80	96	FUN_004e4b80
004e4be0	103	FUN_004e4be0
004e4c50	96	FUN_004e4c50
004e4cb0	103	FUN_004e4cb0
004e4d20	96	FUN_004e4d20
004e4d80	103	FUN_004e4d80
004e4df0	172	FUN_004e4df0
004e4ed0	86	FUN_004e4ed0
004e4f60	178	FUN_004e4f60
004e5050	83	FUN_004e5050
004e50e0	1132	FUN_004e50e0
004e55a0	388	FUN_004e55a0
004e5760	328	FUN_004e5760
004e58e0	460	FUN_004e58e0
004e5b10	561	FUN_004e5b10
004e5da0	1068	FUN_004e5da0
004e6240	460	FUN_004e6240
004e6470	561	FUN_004e6470
004e6700	273	FUN_004e6700
004e6850	460	FUN_004e6850
004e6a80	561	FUN_004e6a80
004e6d10	330	FUN_004e6d10
004e6ea0	460	FUN_004e6ea0
004e70d0	561	FUN_004e70d0
004e7360	477	FUN_004e7360
004e7570	460	FUN_004e7570
004e77a0	561	FUN_004e77a0
004e7a30	779	FUN_004e7a30
004e7d80	643	FUN_004e7d80
004e8060	173	FUN_004e8060
004e8110	220	FUN_004e8110
004e8220	645	FUN_004e8220
004e84e0	460	FUN_004e84e0
004e8710	561	FUN_004e8710
004e89a0	463	FUN_004e89a0
004e8ba0	183	FUN_004e8ba0
004e8c80	5679	FUN_004e8c80
004ea450	272	FUN_004ea450
004ea560	124	FUN_004ea560
004ea5e0	512	FUN_004ea5e0
004ea7e0	125	FUN_004ea7e0
004ea890	4159	FUN_004ea890
004eb930	189	FUN_004eb930
004eba20	936	FUN_004eba20
004ebe20	156	FUN_004ebe20
004ebf00	362	FUN_004ebf00
004ec0a0	1051	FUN_004ec0a0
004ec540	1722	FUN_004ec540
004ecc40	352	FUN_004ecc40
004ecdc0	509	FUN_004ecdc0
004ed000	2412	FUN_004ed000
004ed9d0	1356	FUN_004ed9d0
004edf50	149	FUN_004edf50
004edff0	149	FUN_004edff0
004ee090	149	FUN_004ee090
004ee130	243	FUN_004ee130
004ee270	1506	FUN_004ee270
004ee890	6133	FUN_004ee890
004f0320	189	FUN_004f0320
004f0410	165	FUN_004f0410
004f04e0	184	FUN_004f04e0
004f05a0	225	FUN_004f05a0
004f06b0	101	FUN_004f06b0
004f0720	149	FUN_004f0720
004f07c0	149	FUN_004f07c0
004f0860	149	FUN_004f0860
004f0900	332	FUN_004f0900
004f0a80	478	FUN_004f0a80
004f0cb0	1564	FUN_004f0cb0
004f1320	637	FUN_004f1320
004f15d0	357	FUN_004f15d0
004f1740	1415	FUN_004f1740
004f1d00	321	FUN_004f1d00
004f1e60	182	FUN_004f1e60
004f1f40	4423	FUN_004f1f40
004f30e0	4953	FUN_004f30e0
004f44b0	1245	FUN_004f44b0
004f49e0	3481	FUN_004f49e0
004f57c0	185	FUN_004f57c0
004f58b0	170	FUN_004f58b0
004f5990	4664	FUN_004f5990
004f7030	419	FUN_004f7030
004f7200	252	FUN_004f7200
004f7300	1326	FUN_004f7300
004f7860	1390	FUN_004f7860
004f7e20	631	FUN_004f7e20
004f80e0	631	FUN_004f80e0
004f83a0	522	FUN_004f83a0
004f85f0	150	FUN_004f85f0
004f8690	5501	FUN_004f8690
004f9ca0	1176	FUN_004f9ca0
004fa180	122	FUN_004fa180
004fa230	157	FUN_004fa230
004fa300	137	FUN_004fa300
004fa390	905	FUN_004fa390
004fa740	2105	FUN_004fa740
004fafc0	214	FUN_004fafc0
004fb0c0	176	FUN_004fb0c0
004fb1b0	188	FUN_004fb1b0
004fb2a0	157	FUN_004fb2a0
004fb370	214	FUN_004fb370
004fb470	150	FUN_004fb470
004fb530	144	FUN_004fb530
004fb600	150	FUN_004fb600
004fb6c0	144	FUN_004fb6c0
004fb790	150	FUN_004fb790
004fb850	144	FUN_004fb850
004fb920	223	FUN_004fb920
004fba00	419	FUN_004fba00
004fbbd0	252	FUN_004fbbd0
004fbcd0	1573	FUN_004fbcd0
004fc330	1390	FUN_004fc330
004fc8f0	631	FUN_004fc8f0
004fcbb0	631	FUN_004fcbb0
004fce70	522	FUN_004fce70
004fd0c0	150	FUN_004fd0c0
004fd160	9928	FUN_004fd160
004ff8d0	122	FUN_004ff8d0
004ff980	157	FUN_004ff980
004ffa50	137	FUN_004ffa50
004ffae0	905	FUN_004ffae0
004ffe90	2105	FUN_004ffe90
00500710	214	FUN_00500710
00500810	214	FUN_00500810
00500910	437	FUN_00500910
00500b10	188	FUN_00500b10
00500c00	180	FUN_00500c00
00500cf0	214	FUN_00500cf0
