11001210	6	__vbaChkstk
11001366	6	VBDllUnRegisterServer
1100136c	6	VBDllGetClassObject
11001372	6	VBDllRegisterServer
11001378	6	VBDllCanUnloadNow
1100137e	6	UserDllMain
11001384	17	entry
1100243c	22	DllUnregisterServer
11002452	22	DllGetClassObject
11002468	22	DllRegisterServer
1100247e	12	DllCanUnloadNow
11002540	98	FUN_11002540
110025b0	106	FUN_110025b0
11002620	98	FUN_11002620
11002690	106	FUN_11002690
11002700	569	FUN_11002700
110029b0	178	FUN_110029b0
11002aa0	1353	FUN_11002aa0
11003230	526	FUN_11003230
