00412850	6	__vbaChkstk
0041285c	6	__vbaFPException
00412868	6	adj_fdiv_m32
00412874	6	adj_fdiv_m64
00412886	6	adj_fdivr_m32
004128e0	6	DllFunctionCall
00412e9e	6	ThunRTMain
00412ea4	1097	entry
0043cb00	25	FUN_0043cb00
0043cb64	25	FUN_0043cb64
0043cba4	25	FUN_0043cba4
0043cbe8	25	FUN_0043cbe8
0043cc34	25	FUN_0043cc34
0043cc78	25	FUN_0043cc78
0043ccc8	25	FUN_0043ccc8
0043cd14	25	FUN_0043cd14
0043cd5c	25	FUN_0043cd5c
0043cda0	25	FUN_0043cda0
0043cde4	25	FUN_0043cde4
0043ce24	25	FUN_0043ce24
0043ce64	25	FUN_0043ce64
0043ceac	25	FUN_0043ceac
0043cef4	25	FUN_0043cef4
0043cf38	25	FUN_0043cf38
0043cf80	25	FUN_0043cf80
0043cfc8	25	FUN_0043cfc8
0043d010	25	FUN_0043d010
0043d054	25	FUN_0043d054
0043d0bc	25	FUN_0043d0bc
0043d10c	25	FUN_0043d10c
0043d154	25	FUN_0043d154
0043d198	25	FUN_0043d198
0043d1e8	25	FUN_0043d1e8
0043d22c	25	FUN_0043d22c
0043d274	25	FUN_0043d274
0043d2d4	25	FUN_0043d2d4
0043d320	25	FUN_0043d320
0043d364	25	FUN_0043d364
0043d488	25	FUN_0043d488
0043d4d8	25	FUN_0043d4d8
0043d51c	25	FUN_0043d51c
0043d560	25	FUN_0043d560
0043d5a4	25	FUN_0043d5a4
0043d608	25	FUN_0043d608
0043d648	25	FUN_0043d648
0043d68c	25	FUN_0043d68c
0043d6d0	25	FUN_0043d6d0
0043d714	25	FUN_0043d714
0043d758	25	FUN_0043d758
0043d81c	25	FUN_0043d81c
0043d868	25	FUN_0043d868
0043d8ac	25	FUN_0043d8ac
0043debc	25	FUN_0043debc
0043e460	25	FUN_0043e460
00440598	25	FUN_00440598
004406e4	25	FUN_004406e4
00440744	25	FUN_00440744
00440794	25	FUN_00440794
004407d8	25	FUN_004407d8
00440820	25	FUN_00440820
0044086c	25	FUN_0044086c
004408b4	25	FUN_004408b4
004414e8	25	FUN_004414e8
004433b4	25	FUN_004433b4
004467a0	25	FUN_004467a0
00446878	25	FUN_00446878
004468bc	25	FUN_004468bc
00446904	25	FUN_00446904
00446968	25	FUN_00446968
00447484	25	FUN_00447484
00447a6c	25	FUN_00447a6c
004482ec	25	FUN_004482ec
0044c8fc	25	FUN_0044c8fc
0044ce7c	25	FUN_0044ce7c
0044d59c	25	FUN_0044d59c
0044d5e0	25	FUN_0044d5e0
0044d7ec	25	FUN_0044d7ec
0044d830	25	FUN_0044d830
00456750	25	FUN_00456750
0045679c	25	FUN_0045679c
004567e0	25	FUN_004567e0
00474774	25	FUN_00474774
004747b8	25	FUN_004747b8
00474800	25	FUN_00474800
00474848	25	FUN_00474848
00474894	25	FUN_00474894
00474920	25	FUN_00474920
00474964	25	FUN_00474964
004749c8	25	FUN_004749c8
00474a0c	25	FUN_00474a0c
00474a54	25	FUN_00474a54
00474a9c	25	FUN_00474a9c
00474ae0	25	FUN_00474ae0
00474b24	25	FUN_00474b24
0047746c	25	FUN_0047746c
005bd590	274	FUN_005bd590
005bd6d0	207	FUN_005bd6d0
005bd7d0	306	FUN_005bd7d0
005bd930	1013	FUN_005bd930
005bdd60	137	FUN_005bdd60
005bddf0	451	FUN_005bddf0
005bdfe0	165	FUN_005bdfe0
005be090	258	FUN_005be090
005be1c0	989	FUN_005be1c0
005be600	164	FUN_005be600
005be6d0	568	FUN_005be6d0
005be950	137	FUN_005be950
005be9e0	174	FUN_005be9e0
005beac0	148	FUN_005beac0
005beb60	197	FUN_005beb60
005bec30	165	FUN_005bec30
005bed00	1128	FUN_005bed00
005bf1a0	1426	FUN_005bf1a0
005bf780	164	FUN_005bf780
005bf850	2853	FUN_005bf850
005c03b0	101	FUN_005c03b0
005c0420	1156	FUN_005c0420
005c0a90	1520	FUN_005c0a90
005c10a0	165	FUN_005c10a0
005c1170	1215	FUN_005c1170
005c1740	106	FUN_005c1740
005c17b0	96	FUN_005c17b0
005c1810	103	FUN_005c1810
005c1880	94	FUN_005c1880
005c18e0	811	FUN_005c18e0
005c1c60	977	FUN_005c1c60
005c2140	838	FUN_005c2140
005c2580	1734	FUN_005c2580
005c2cb0	1221	FUN_005c2cb0
005c31c0	634	FUN_005c31c0
005c3470	245	FUN_005c3470
005c3670	921	FUN_005c3670
005c3b20	2860	FUN_005c3b20
005c46a0	3819	FUN_005c46a0
005c55e0	1928	FUN_005c55e0
005c5e60	2209	FUN_005c5e60
005c68e0	4106	FUN_005c68e0
005c7a80	241	FUN_005c7a80
005c7be0	1188	FUN_005c7be0
005c80f0	2229	FUN_005c80f0
005c8a10	991	FUN_005c8a10
005c8f30	182	FUN_005c8f30
005c9000	200	FUN_005c9000
005c9100	117	FUN_005c9100
005c9180	7425	FUN_005c9180
005caef0	237	FUN_005caef0
005cb000	445	FUN_005cb000
005cb210	101	FUN_005cb210
005cb280	200	FUN_005cb280
005cb380	110	FUN_005cb380
005cb3f0	268	FUN_005cb3f0
005cb540	11670	FUN_005cb540
005ce370	277	FUN_005ce370
005ce4e0	155	FUN_005ce4e0
005ce580	295	FUN_005ce580
005ce6d0	314	FUN_005ce6d0
005ce840	118	FUN_005ce840
005ce8c0	227	FUN_005ce8c0
005ce9b0	113	FUN_005ce9b0
005cea30	110	FUN_005cea30
005ceaa0	4466	FUN_005ceaa0
005cfc80	111	FUN_005cfc80
005cfcf0	111	FUN_005cfcf0
005cfd60	1069	FUN_005cfd60
005d0350	16514	FUN_005d0350
005d4600	4701	FUN_005d4600
005d58b0	1640	FUN_005d58b0
005d5f50	597	FUN_005d5f50
005d61e0	1243	FUN_005d61e0
005d6700	3387	FUN_005d6700
005d7480	2961	FUN_005d7480
005d8080	2305	FUN_005d8080
005d89f0	666	FUN_005d89f0
005d8cc0	2918	FUN_005d8cc0
005d98b0	2178	FUN_005d98b0
005da170	1249	FUN_005da170
005da680	109	FUN_005da680
005da6f0	99	FUN_005da6f0
005da760	666	FUN_005da760
005daa30	165	FUN_005daa30
005dab00	173	FUN_005dab00
005dabe0	2025	FUN_005dabe0
005db410	1895	FUN_005db410
005dbba0	111	FUN_005dbba0
005dbc10	889	FUN_005dbc10
005dbfe0	913	FUN_005dbfe0
005dc3d0	111	FUN_005dc3d0
005dc440	111	FUN_005dc440
005dc4b0	4349	FUN_005dc4b0
005dd5f0	135	FUN_005dd5f0
005dd680	135	FUN_005dd680
005dd710	135	FUN_005dd710
005dd7a0	455	FUN_005dd7a0
005dd990	439	FUN_005dd990
005ddb70	135	FUN_005ddb70
005ddc00	135	FUN_005ddc00
005ddc90	135	FUN_005ddc90
005ddd20	135	FUN_005ddd20
005dddb0	179	FUN_005dddb0
005dde90	309	FUN_005dde90
005de070	395	FUN_005de070
005de230	1863	FUN_005de230
005de9d0	111	FUN_005de9d0
005dea40	727	FUN_005dea40
005ded40	923	FUN_005ded40
005df120	325	FUN_005df120
005df290	11901	FUN_005df290
005e2160	140	FUN_005e2160
005e2220	139	FUN_005e2220
005e22b0	682	FUN_005e22b0
005e2580	111	FUN_005e2580
005e25f0	6556	FUN_005e25f0
005e3fc0	109	FUN_005e3fc0
005e4030	205	FUN_005e4030
005e4100	106	FUN_005e4100
005e4170	277	FUN_005e4170
005e4360	107	FUN_005e4360
005e43d0	1028	FUN_005e43d0
005e4820	109	FUN_005e4820
005e4890	164	FUN_005e4890
005e4940	109	FUN_005e4940
005e49b0	205	FUN_005e49b0
005e4a80	106	FUN_005e4a80
005e4af0	239	FUN_005e4af0
005e4be0	107	FUN_005e4be0
005e4c50	210	FUN_005e4c50
005e4d30	106	FUN_005e4d30
005e4da0	203	FUN_005e4da0
005e4e70	106	FUN_005e4e70
005e4ee0	203	FUN_005e4ee0
005e4fb0	106	FUN_005e4fb0
005e5020	203	FUN_005e5020
005e50f0	106	FUN_005e50f0
005e5160	203	FUN_005e5160
005e5230	106	FUN_005e5230
005e52a0	203	FUN_005e52a0
005e5370	106	FUN_005e5370
005e53e0	203	FUN_005e53e0
005e54b0	106	FUN_005e54b0
005e5520	203	FUN_005e5520
005e55f0	106	FUN_005e55f0
005e5660	203	FUN_005e5660
005e5730	106	FUN_005e5730
005e57a0	203	FUN_005e57a0
005e5870	106	FUN_005e5870
005e58e0	203	FUN_005e58e0
005e59b0	109	FUN_005e59b0
005e5a20	99	FUN_005e5a20
005e5a90	109	FUN_005e5a90
005e5b00	189	FUN_005e5b00
005e5bf0	109	FUN_005e5bf0
005e5c60	189	FUN_005e5c60
005e5d50	107	FUN_005e5d50
005e5dc0	220	FUN_005e5dc0
005e5ea0	106	FUN_005e5ea0
005e5f10	203	FUN_005e5f10
005e5fe0	107	FUN_005e5fe0
005e6050	210	FUN_005e6050
005e6130	71	FUN_005e6130
005e61b0	85	FUN_005e61b0
005e6230	86	FUN_005e6230
005e62c0	445	FUN_005e62c0
005e64b0	85	FUN_005e64b0
005e6540	109	FUN_005e6540
005e65b0	615	FUN_005e65b0
005e6860	109	FUN_005e6860
005e68d0	430	FUN_005e68d0
005e6ac0	164	FUN_005e6ac0
005e6b70	4279	FUN_005e6b70
005e7f10	148	FUN_005e7f10
005e7fb0	3217	FUN_005e7fb0
005e8fd0	88	FUN_005e8fd0
005e9060	885	FUN_005e9060
005e9430	86	FUN_005e9430
005e94c0	163	FUN_005e94c0
005e9590	148	FUN_005e9590
005e9630	3438	FUN_005e9630
005ea710	106	FUN_005ea710
005ea780	193	FUN_005ea780
005ea850	108	FUN_005ea850
005ea8f0	440	FUN_005ea8f0
005eaae0	135	FUN_005eaae0
005eaba0	291	FUN_005eaba0
005eacd0	135	FUN_005eacd0
005ead90	291	FUN_005ead90
005eaec0	241	FUN_005eaec0
005eb010	263	FUN_005eb010
005eb140	143	FUN_005eb140
005eb200	260	FUN_005eb200
005eb310	108	FUN_005eb310
005eb3b0	207	FUN_005eb3b0
005eb4a0	135	FUN_005eb4a0
005eb560	291	FUN_005eb560
005eb690	135	FUN_005eb690
005eb750	291	FUN_005eb750
005eb880	143	FUN_005eb880
005eb950	263	FUN_005eb950
005eba80	143	FUN_005eba80
005ebb40	260	FUN_005ebb40
005ebc50	151	FUN_005ebc50
005ebcf0	1036	FUN_005ebcf0
005ec130	106	FUN_005ec130
005ec1a0	203	FUN_005ec1a0
005ec270	108	FUN_005ec270
005ec310	207	FUN_005ec310
005ec400	135	FUN_005ec400
005ec4c0	291	FUN_005ec4c0
005ec5f0	135	FUN_005ec5f0
005ec6b0	291	FUN_005ec6b0
005ec7e0	143	FUN_005ec7e0
005ec8b0	263	FUN_005ec8b0
005ec9e0	143	FUN_005ec9e0
005ecaa0	260	FUN_005ecaa0
005ecbb0	127	FUN_005ecbb0
005ecc70	265	FUN_005ecc70
005ecdb0	109	FUN_005ecdb0
005ece20	205	FUN_005ece20
005ecef0	15264	FUN_005ecef0
005f0b40	2968	FUN_005f0b40
005f1730	1141	FUN_005f1730
005f1bf0	635	FUN_005f1bf0
005f1eb0	1351	FUN_005f1eb0
005f2430	1214	FUN_005f2430
005f2920	143	FUN_005f2920
005f29b0	146	FUN_005f29b0
005f2a80	146	FUN_005f2a80
005f2b50	15948	FUN_005f2b50
005f6a30	372	FUN_005f6a30
005f6c40	585	FUN_005f6c40
005f6ec0	497	FUN_005f6ec0
005f7100	931	FUN_005f7100
005f74f0	2974	FUN_005f74f0
005f80f0	444	FUN_005f80f0
005f82f0	317	FUN_005f82f0
005f8430	106	FUN_005f8430
005f84a0	214	FUN_005f84a0
005f8580	176	FUN_005f8580
005f8660	102	FUN_005f8660
005f86d0	129	FUN_005f86d0
005f8770	199	FUN_005f8770
005f8870	105	FUN_005f8870
005f88e0	113	FUN_005f88e0
005f8960	456	FUN_005f8960
005f8b60	1369	FUN_005f8b60
005f9110	2356	FUN_005f9110
005f9a90	1505	FUN_005f9a90
005fa090	930	FUN_005fa090
005fa470	413	FUN_005fa470
005fa640	120	FUN_005fa640
005fa6c0	119	FUN_005fa6c0
005fa740	701	FUN_005fa740
005faa30	164	FUN_005faa30
005faae0	83	FUN_005faae0
005fab70	95	FUN_005fab70
005fabf0	106	FUN_005fabf0
005fac60	96	FUN_005fac60
005facc0	122	FUN_005facc0
005fad70	1844	FUN_005fad70
005fb510	146	FUN_005fb510
005fb5f0	206	FUN_005fb5f0
005fb6c0	228	FUN_005fb6c0
005fb7f0	143	FUN_005fb7f0
005fb880	153	FUN_005fb880
005fb960	129	FUN_005fb960
005fb9f0	117	FUN_005fb9f0
005fba70	109	FUN_005fba70
005fbae0	117	FUN_005fbae0
005fbb60	109	FUN_005fbb60
005fbbd0	97	FUN_005fbbd0
005fbc70	301	FUN_005fbc70
005fbdd0	422	FUN_005fbdd0
005fbfa0	158	FUN_005fbfa0
005fc040	158	FUN_005fc040
005fc0e0	103	FUN_005fc0e0
005fc150	182	FUN_005fc150
005fc210	616	FUN_005fc210
005fc4d0	743	FUN_005fc4d0
005fc810	116	FUN_005fc810
005fc890	103	FUN_005fc890
005fc900	96	FUN_005fc900
005fc960	103	FUN_005fc960
005fc9d0	96	FUN_005fc9d0
005fca30	241	FUN_005fca30
005fcb50	83	FUN_005fcb50
005fcbe0	155	FUN_005fcbe0
005fccb0	1489	FUN_005fccb0
005fd2a0	387	FUN_005fd2a0
005fd450	103	FUN_005fd450
005fd4c0	143	FUN_005fd4c0
005fd550	143	FUN_005fd550
005fd5e0	143	FUN_005fd5e0
005fd670	143	FUN_005fd670
005fd700	143	FUN_005fd700
005fd790	1254	FUN_005fd790
005fdcc0	1499	FUN_005fdcc0
005fe2e0	555	FUN_005fe2e0
005fe550	414	FUN_005fe550
005fe710	516	FUN_005fe710
005fe940	143	FUN_005fe940
005fe9d0	143	FUN_005fe9d0
005fea60	414	FUN_005fea60
005fec20	165	FUN_005fec20
005fecd0	135	FUN_005fecd0
005fed60	538	FUN_005fed60
005fefd0	658	FUN_005fefd0
005ff290	1378	FUN_005ff290
005ff880	632	FUN_005ff880
005ffb40	1870	FUN_005ffb40
00600320	1196	FUN_00600320
00600850	553	FUN_00600850
00600ad0	216	FUN_00600ad0
00600be0	368	FUN_00600be0
00600d70	419	FUN_00600d70
00600f40	141	FUN_00600f40
00600fd0	2331	FUN_00600fd0
00601980	106	FUN_00601980
006019f0	98	FUN_006019f0
00601a60	106	FUN_00601a60
00601ad0	102	FUN_00601ad0
00601b40	83	FUN_00601b40
00601bd0	141	FUN_00601bd0
00601c60	1529	FUN_00601c60
00602310	150	FUN_00602310
006023d0	108	FUN_006023d0
00602440	165	FUN_00602440
00602510	2124	FUN_00602510
00602e10	964	FUN_00602e10
00603210	103	FUN_00603210
00603280	106	FUN_00603280
006032f0	116	FUN_006032f0
00603370	135	FUN_00603370
00603400	155	FUN_00603400
006034d0	2941	FUN_006034d0
006040b0	2718	FUN_006040b0
00604bc0	104	FUN_00604bc0
00604c30	368	FUN_00604c30
00604de0	2183	FUN_00604de0
006056c0	2695	FUN_006056c0
006061b0	431	FUN_006061b0
006063b0	133	FUN_006063b0
00606440	98	FUN_00606440
006064d0	91	FUN_006064d0
00606570	891	FUN_00606570
00606930	341	FUN_00606930
00606ac0	24105	FUN_00606ac0
0060c980	1412	FUN_0060c980
0060cf50	3776	FUN_0060cf50
0060de90	1494	FUN_0060de90
0060e480	652	FUN_0060e480
0060e760	72	FUN_0060e760
0060e7e0	3492	FUN_0060e7e0
0060f600	1049	FUN_0060f600
0060fa80	247	FUN_0060fa80
0060fbc0	1022	FUN_0060fbc0
00610020	685	FUN_00610020
00610310	921	FUN_00610310
006106e0	159	FUN_006106e0
006107b0	180	FUN_006107b0
00610890	758	FUN_00610890
00610bd0	451	FUN_00610bd0
00610dc0	395	FUN_00610dc0
00610f80	303	FUN_00610f80
006110e0	193	FUN_006110e0
006111c0	165	FUN_006111c0
00611270	227	FUN_00611270
00611360	146	FUN_00611360
00611420	145	FUN_00611420
006114e0	164	FUN_006114e0
006115b0	111	FUN_006115b0
00611620	149	FUN_00611620
006116d0	37140	FUN_006116d0
0061a860	413	FUN_0061a860
0061aa30	3198	FUN_0061aa30
0061b720	696	FUN_0061b720
0061ba30	370	FUN_0061ba30
0061bbd0	174	FUN_0061bbd0
0061bcb0	299	FUN_0061bcb0
0061be10	2311	FUN_0061be10
0061c790	130	FUN_0061c790
0061c840	4523	FUN_0061c840
0061dac0	417	FUN_0061dac0
0061de10	235	FUN_0061de10
0061df10	217	FUN_0061df10
0061e020	185	FUN_0061e020
0061eb30	1280	FUN_0061eb30
0061f0e0	256	FUN_0061f0e0
0061f230	823	FUN_0061f230
0061f5d0	947	FUN_0061f5d0
0061f9e0	635	FUN_0061f9e0
0061fc90	183	FUN_0061fc90
0061fd70	206	FUN_0061fd70
0061fe60	2720	FUN_0061fe60
00620940	724	FUN_00620940
00620c40	605	FUN_00620c40
00620ef0	1084	FUN_00620ef0
00621330	1110	FUN_00621330
006217f0	273	FUN_006217f0
00621930	90	FUN_00621930
00621990	543	FUN_00621990
00621bf0	165	FUN_00621bf0
00621ca0	481	FUN_00621ca0
00621ef0	1332	FUN_00621ef0
00622470	134	FUN_00622470
00622520	2460	FUN_00622520
00622f20	726	FUN_00622f20
00623240	227	FUN_00623240
00623330	710	FUN_00623330
00623640	3573	FUN_00623640
006245e0	187	FUN_006245e0
006246a0	111	FUN_006246a0
00624710	547	FUN_00624710
00624970	303	FUN_00624970
00624ad0	709	FUN_00624ad0
00624dd0	3072	FUN_00624dd0
00625c20	719	FUN_00625c20
00625f50	616	FUN_00625f50
006261f0	462	FUN_006261f0
006263f0	133	FUN_006263f0
00626480	133	FUN_00626480
00626510	134	FUN_00626510
006265c0	1157	FUN_006265c0
00626ab0	531	FUN_00626ab0
00626d30	6781	FUN_00626d30
00628810	137	FUN_00628810
006288a0	2560	FUN_006288a0
006292e0	619	FUN_006292e0
00629560	872	FUN_00629560
00629910	108	FUN_00629910
00629980	155	FUN_00629980
00629a20	1500	FUN_00629a20
0062a070	1724	FUN_0062a070
0062a780	14611	FUN_0062a780
0062e1f0	98	FUN_0062e1f0
0062e260	106	FUN_0062e260
0062e2d0	273	FUN_0062e2d0
0062e430	205	FUN_0062e430
0062e500	29700	FUN_0062e500
00635a30	2259	FUN_00635a30
00636330	4500	FUN_00636330
00637670	10146	FUN_00637670
0063a2d0	327	FUN_0063a2d0
0063a440	891	FUN_0063a440
0063a800	567	FUN_0063a800
0063aa70	23204	FUN_0063aa70
00640580	450	FUN_00640580
00640770	328	FUN_00640770
006408f0	1980	FUN_006408f0
00641120	155	FUN_00641120
006411f0	165	FUN_006411f0
006412c0	126	FUN_006412c0
00641370	268	FUN_00641370
006414b0	146	FUN_006414b0
00641570	146	FUN_00641570
00641630	296	FUN_00641630
00641790	165	FUN_00641790
00641840	161	FUN_00641840
00641910	165	FUN_00641910
006419e0	186	FUN_006419e0
00641ad0	345	FUN_00641ad0
00641c60	309	FUN_00641c60
00641da0	1426	FUN_00641da0
00642380	164	FUN_00642380
00642450	817	FUN_00642450
006427d0	4966	FUN_006427d0
00643bb0	252	FUN_00643bb0
00643ce0	146	FUN_00643ce0
00643da0	146	FUN_00643da0
00643e60	146	FUN_00643e60
00643f20	273	FUN_00643f20
00644060	146	FUN_00644060
00644120	146	FUN_00644120
006441e0	146	FUN_006441e0
006442a0	146	FUN_006442a0
00644360	1660	FUN_00644360
00644a30	19913	FUN_00644a30
00649860	17277	FUN_00649860
0064dc30	1181	FUN_0064dc30
0064e110	585	FUN_0064e110
0064e3a0	146	FUN_0064e3a0
0064e460	146	FUN_0064e460
0064e520	146	FUN_0064e520
0064e5e0	146	FUN_0064e5e0
0064e6a0	146	FUN_0064e6a0
0064e760	146	FUN_0064e760
0064e820	146	FUN_0064e820
0064e8e0	1328	FUN_0064e8e0
0064ee30	350	FUN_0064ee30
0064efc0	539	FUN_0064efc0
0064f270	4724	FUN_0064f270
00650610	396	FUN_00650610
00650800	3113	FUN_00650800
00651480	159	FUN_00651480
00651540	108	FUN_00651540
006515b0	83	FUN_006515b0
00651640	95	FUN_00651640
006516c0	83	FUN_006516c0
00651750	95	FUN_00651750
006517d0	83	FUN_006517d0
00651860	95	FUN_00651860
006518e0	83	FUN_006518e0
00651970	95	FUN_00651970
006519f0	83	FUN_006519f0
00651a80	95	FUN_00651a80
00651b00	83	FUN_00651b00
00651b90	95	FUN_00651b90
00651c10	83	FUN_00651c10
00651ca0	95	FUN_00651ca0
00651d20	83	FUN_00651d20
00651db0	95	FUN_00651db0
00651e30	386	FUN_00651e30
00652000	2030	FUN_00652000
00652840	166	FUN_00652840
006528f0	214	FUN_006528f0
00652a00	170	FUN_00652a00
00652ae0	247	FUN_00652ae0
00652c00	381	FUN_00652c00
00652dc0	240	FUN_00652dc0
00652eb0	510	FUN_00652eb0
006530e0	154	FUN_006530e0
00653180	105	FUN_00653180
00653230	235	FUN_00653230
00653350	336	FUN_00653350
006534a0	108	FUN_006534a0
00653510	505	FUN_00653510
00653740	85	FUN_00653740
006537d0	104	FUN_006537d0
00653840	106	FUN_00653840
006538b0	98	FUN_006538b0
00653920	103	FUN_00653920
00653990	96	FUN_00653990
006539f0	103	FUN_006539f0
00653a60	96	FUN_00653a60
00653ac0	108	FUN_00653ac0
00653b30	167	FUN_00653b30
00653be0	375	FUN_00653be0
00653d80	155	FUN_00653d80
00653e40	108	FUN_00653e40
00653eb0	83	FUN_00653eb0
00653f40	95	FUN_00653f40
00653fc0	83	FUN_00653fc0
00654050	95	FUN_00654050
006540d0	83	FUN_006540d0
00654160	95	FUN_00654160
006541e0	83	FUN_006541e0
00654270	95	FUN_00654270
006542f0	83	FUN_006542f0
00654380	95	FUN_00654380
00654400	83	FUN_00654400
00654490	95	FUN_00654490
00654510	83	FUN_00654510
006545a0	95	FUN_006545a0
00654620	83	FUN_00654620
006546b0	95	FUN_006546b0
00654730	2544	FUN_00654730
00655170	159	FUN_00655170
00655230	108	FUN_00655230
006552a0	295	FUN_006552a0
00655410	2254	FUN_00655410
00655d30	2490	FUN_00655d30
00656770	2353	FUN_00656770
00657440	4049	FUN_00657440
00658480	159	FUN_00658480
00658540	108	FUN_00658540
006585b0	106	FUN_006585b0
00658620	96	FUN_00658620
00658680	83	FUN_00658680
00658710	95	FUN_00658710
00658790	83	FUN_00658790
00658820	95	FUN_00658820
006588a0	83	FUN_006588a0
00658930	95	FUN_00658930
006589b0	83	FUN_006589b0
00658a40	95	FUN_00658a40
00658ac0	83	FUN_00658ac0
00658b50	95	FUN_00658b50
00658bd0	83	FUN_00658bd0
00658c60	95	FUN_00658c60
00658ce0	83	FUN_00658ce0
00658d70	95	FUN_00658d70
00658df0	83	FUN_00658df0
00658e80	95	FUN_00658e80
00658f00	100	FUN_00658f00
00658fa0	95	FUN_00658fa0
00659020	99	FUN_00659020
006590d0	131	FUN_006590d0
00659180	99	FUN_00659180
00659230	174	FUN_00659230
00659310	1484	FUN_00659310
00659970	2072	FUN_00659970
0065a1d0	104	FUN_0065a1d0
0065a240	289	FUN_0065a240
0065a380	6819	FUN_0065a380
0065bec0	159	FUN_0065bec0
0065bf80	136	FUN_0065bf80
0065c010	373	FUN_0065c010
0065c1a0	2188	FUN_0065c1a0
0065caa0	2845	FUN_0065caa0
0065d630	1830	FUN_0065d630
0065ddb0	348	FUN_0065ddb0
0065df40	106	FUN_0065df40
0065dfb0	292	FUN_0065dfb0
0065e0e0	106	FUN_0065e0e0
0065e150	365	FUN_0065e150
0065e300	1300	FUN_0065e300
0065e870	10979	FUN_0065e870
006613e0	738	FUN_006613e0
00661750	309	FUN_00661750
006618c0	303	FUN_006618c0
00661a20	416	FUN_00661a20
00661c10	1107	FUN_00661c10
00662090	296	FUN_00662090
006621e0	501	FUN_006621e0
00662410	221	FUN_00662410
00662510	687	FUN_00662510
006627f0	1291	FUN_006627f0
00663080	221	FUN_00663080
006631d0	135	FUN_006631d0
006632a0	270	FUN_006632a0
006633f0	5067	FUN_006633f0
00664b50	622	FUN_00664b50
00664e00	2898	FUN_00664e00
00665990	985	FUN_00665990
00665dc0	689	FUN_00665dc0
006660a0	2212	FUN_006660a0
00666990	487	FUN_00666990
00666bb0	210	FUN_00666bb0
00666cc0	145	FUN_00666cc0
00666d60	7135	FUN_00666d60
00668980	2965	FUN_00668980
00669620	2442	FUN_00669620
0066a050	1344	FUN_0066a050
0066a5f0	2737	FUN_0066a5f0
0066b0e0	661	FUN_0066b0e0
0066b3b0	6182	FUN_0066b3b0
0066cc70	47448	FUN_0066cc70
00678650	2571	FUN_00678650
006792a0	826	FUN_006792a0
00679620	985	FUN_00679620
00679a40	5014	FUN_00679a40
0067b320	2601	FUN_0067b320
0067bdc0	6240	FUN_0067bdc0
0067d690	5371	FUN_0067d690
0067ee80	521	FUN_0067ee80
0067f0d0	521	FUN_0067f0d0
0067f320	6089	FUN_0067f320
00680b50	119	FUN_00680b50
00680bd0	870	FUN_00680bd0
00680f90	1423	FUN_00680f90
00681570	2948	FUN_00681570
00682150	734	FUN_00682150
00682480	1234	FUN_00682480
00682990	184	FUN_00682990
00682a80	1482	FUN_00682a80
00683080	1484	FUN_00683080
006836a0	197	FUN_006836a0
006837a0	106	FUN_006837a0
00683810	106	FUN_00683810
00683880	1388	FUN_00683880
00683e30	880	FUN_00683e30
006841e0	1021	FUN_006841e0
00684630	608	FUN_00684630
006848f0	495	FUN_006848f0
00684b10	1086	FUN_00684b10
00684f90	889	FUN_00684f90
00685370	1697	FUN_00685370
00685a70	119	FUN_00685a70
00685af0	1018	FUN_00685af0
00685f40	1018	FUN_00685f40
00686390	1018	FUN_00686390
006867e0	127	FUN_006867e0
00686890	126	FUN_00686890
00686940	101	FUN_00686940
006869d0	127	FUN_006869d0
00686a80	297	FUN_00686a80
00686be0	1428	FUN_00686be0
006871c0	301	FUN_006871c0
00687330	217	FUN_00687330
00687440	598	FUN_00687440
006876f0	126	FUN_006876f0
006877a0	1406	FUN_006877a0
00687d70	1311	FUN_00687d70
006882e0	821	FUN_006882e0
00688660	1154	FUN_00688660
00688b30	1122	FUN_00688b30
00688fe0	1185	FUN_00688fe0
006894d0	789	FUN_006894d0
00689830	1217	FUN_00689830
00689d40	1090	FUN_00689d40
0068a1d0	2625	FUN_0068a1d0
0068aca0	385	FUN_0068aca0
0068ae50	821	FUN_0068ae50
0068b1d0	126	FUN_0068b1d0
0068b280	689	FUN_0068b280
0068b570	259	FUN_0068b570
0068b680	1606	FUN_0068b680
0068bd10	1606	FUN_0068bd10
0068c3a0	1606	FUN_0068c3a0
0068ca30	1606	FUN_0068ca30
0068d0c0	715	FUN_0068d0c0
0068d3c0	2622	FUN_0068d3c0
0068de30	193	FUN_0068de30
0068df20	359	FUN_0068df20
0068e0c0	684	FUN_0068e0c0
0068e3a0	683	FUN_0068e3a0
0068e690	339	FUN_0068e690
0068e810	1297	FUN_0068e810
0068ed70	1288	FUN_0068ed70
0068f2c0	140	FUN_0068f2c0
0068f380	450	FUN_0068f380
0068f570	1374	FUN_0068f570
0068fb10	335	FUN_0068fb10
0068fcb0	734	FUN_0068fcb0
0068ffd0	2858	FUN_0068ffd0
00690b70	634	FUN_00690b70
00690e30	101	FUN_00690e30
00690ea0	4786	FUN_00690ea0
00692200	757	FUN_00692200
00692560	225	FUN_00692560
00692670	5273	FUN_00692670
00693b70	245	FUN_00693b70
00693ca0	1178	FUN_00693ca0
00694180	1669	FUN_00694180
00694860	2028	FUN_00694860
006950b0	353	FUN_006950b0
00695250	353	FUN_00695250
006953f0	3061	FUN_006953f0
00696070	7002	FUN_00696070
00697c40	858	FUN_00697c40
00698010	858	FUN_00698010
006983e0	3066	FUN_006983e0
00699020	5155	FUN_00699020
0069a760	3956	FUN_0069a760
0069b720	927	FUN_0069b720
0069bb00	6037	FUN_0069bb00
0069d310	403	FUN_0069d310
0069d4e0	143	FUN_0069d4e0
0069d570	2351	FUN_0069d570
0069def0	4408	FUN_0069def0
0069f0c0	1628	FUN_0069f0c0
0069f760	4432	FUN_0069f760
006a0930	2978	FUN_006a0930
006a1750	9758	FUN_006a1750
006a3db0	7635	FUN_006a3db0
006a5c50	327	FUN_006a5c50
006a5dc0	1655	FUN_006a5dc0
006a6490	244	FUN_006a6490
006a65d0	282	FUN_006a65d0
006a6720	389	FUN_006a6720
006a6900	4002	FUN_006a6900
006a7900	1426	FUN_006a7900
006a7ef0	252	FUN_006a7ef0
006a8030	2059	FUN_006a8030
006a8890	1089	FUN_006a8890
006a8d20	1089	FUN_006a8d20
006a91b0	976	FUN_006a91b0
006a95c0	2647	FUN_006a95c0
006aa250	795	FUN_006aa250
006aa5b0	139	FUN_006aa5b0
006aa640	4901	FUN_006aa640
006ab9c0	2229	FUN_006ab9c0
006ac2e0	243	FUN_006ac2e0
006ac400	295	FUN_006ac400
006ac550	130	FUN_006ac550
006ac600	129	FUN_006ac600
006ac6b0	154	FUN_006ac6b0
006ac790	188	FUN_006ac790
006ac880	1051	FUN_006ac880
006ad020	110	FUN_006ad020
006ad090	125	FUN_006ad090
006ad130	24548	FUN_006ad130
006b31f0	3206	FUN_006b31f0
006b3ee0	290	FUN_006b3ee0
006b4040	290	FUN_006b4040
006b41a0	1640	FUN_006b41a0
006b48b0	107	FUN_006b48b0
006b4920	947	FUN_006b4920
006b4d50	101	FUN_006b4d50
006b4dc0	117	FUN_006b4dc0
006b4e40	533	FUN_006b4e40
006b5090	2687	FUN_006b5090
006b5b80	3940	FUN_006b5b80
006b6c20	153	FUN_006b6c20
006b6cf0	1253	FUN_006b6cf0
006b7240	1157	FUN_006b7240
006b7700	1568	FUN_006b7700
006b7d90	2569	FUN_006b7d90
006b87f0	4475	FUN_006b87f0
006b99e0	9951	FUN_006b99e0
006bc170	1131	FUN_006bc170
006bc610	239	FUN_006bc610
006bc700	831	FUN_006bc700
006bca90	115	FUN_006bca90
006bd4c0	259	FUN_006bd4c0
006bd610	198	FUN_006bd610
006bd700	428	FUN_006bd700
006bd910	348	FUN_006bd910
006bdac0	1598	FUN_006bdac0
006be140	390	FUN_006be140
006be310	1777	FUN_006be310
006bea50	106	FUN_006bea50
006bf380	3633	FUN_006bf380
006c0230	611	FUN_006c0230
006c04f0	1171	FUN_006c04f0
006c09e0	9283	FUN_006c09e0
006c2e50	223	FUN_006c2e50
006c2f60	411	FUN_006c2f60
006c3170	605	FUN_006c3170
006c3410	1427	FUN_006c3410
006c39f0	180	FUN_006c39f0
006c3ad0	799	FUN_006c3ad0
006c3e20	1190	FUN_006c3e20
006c4310	164	FUN_006c4310
006c43e0	842	FUN_006c43e0
006c4760	451	FUN_006c4760
006c4950	111	FUN_006c4950
006c49c0	165	FUN_006c49c0
006c4a70	111	FUN_006c4a70
006c4ae0	258	FUN_006c4ae0
006c4c10	164	FUN_006c4c10
006c4ce0	5830	FUN_006c4ce0
006c63f0	396	FUN_006c63f0
006c65b0	534	FUN_006c65b0
006c6810	128	FUN_006c6810
006c68b0	9195	FUN_006c68b0
006c9120	4949	FUN_006c9120
006ca850	7356	FUN_006ca850
006cc5a0	127	FUN_006cc5a0
006cc620	1706	FUN_006cc620
006ccd80	3504	FUN_006ccd80
006cdc00	807	FUN_006cdc00
006cdf70	133	FUN_006cdf70
006ce000	165	FUN_006ce000
006ce0d0	1677	FUN_006ce0d0
006ce7c0	637	FUN_006ce7c0
006cea90	1028	FUN_006cea90
006ceef0	143	FUN_006ceef0
006cefb0	344	FUN_006cefb0
006cf150	541	FUN_006cf150
006cf450	11429	FUN_006cf450
006d2160	229	FUN_006d2160
006d2250	11549	FUN_006d2250
006d4fe0	188	FUN_006d4fe0
006d50d0	133	FUN_006d50d0
006d5160	4089	FUN_006d5160
006d61b0	13912	FUN_006d61b0
006d98c0	1532	FUN_006d98c0
006d9f10	958	FUN_006d9f10
006da320	133	FUN_006da320
006da3b0	133	FUN_006da3b0
006da440	133	FUN_006da440
006da4d0	133	FUN_006da4d0
006da560	133	FUN_006da560
006da5f0	133	FUN_006da5f0
006da680	133	FUN_006da680
006da710	133	FUN_006da710
006da7a0	133	FUN_006da7a0
006da830	133	FUN_006da830
006da8c0	133	FUN_006da8c0
006da950	133	FUN_006da950
006da9e0	144	FUN_006da9e0
006daa70	363	FUN_006daa70
006dac10	591	FUN_006dac10
006dae90	375	FUN_006dae90
006db030	165	FUN_006db030
006db100	168	FUN_006db100
006db1c0	1868	FUN_006db1c0
006db970	801	FUN_006db970
006dbcf0	1302	FUN_006dbcf0
006dc250	1302	FUN_006dc250
006dc7b0	497	FUN_006dc7b0
006dca00	165	FUN_006dca00
006dcad0	101	FUN_006dcad0
006dcb40	280	FUN_006dcb40
006dcc90	229	FUN_006dcc90
006dcd80	101	FUN_006dcd80
006dcdf0	3045	FUN_006dcdf0
006ddc40	5925	FUN_006ddc40
006df3e0	679	FUN_006df3e0
006df6e0	179	FUN_006df6e0
006df7c0	817	FUN_006df7c0
006dfb40	434	FUN_006dfb40
006dfd30	497	FUN_006dfd30
006dff60	497	FUN_006dff60
006e0190	5679	FUN_006e0190
006e1920	3286	FUN_006e1920
006e2630	3757	FUN_006e2630
006e3530	345	FUN_006e3530
006e36d0	497	FUN_006e36d0
006e3900	108	FUN_006e3900
006e3970	1804	FUN_006e3970
006e40d0	785	FUN_006e40d0
006e4430	710	FUN_006e4430
006e4750	244	FUN_006e4750
006e4890	165	FUN_006e4890
006e4960	2358	FUN_006e4960
006e52e0	233	FUN_006e52e0
006e5400	170	FUN_006e5400
006e54b0	316	FUN_006e54b0
006e5620	85	FUN_006e5620
006e56b0	104	FUN_006e56b0
006e5720	313	FUN_006e5720
006e5890	2150	FUN_006e5890
006e6160	2816	FUN_006e6160
006e6cf0	392	FUN_006e6cf0
006e6eb0	4212	FUN_006e6eb0
006e7f80	311	FUN_006e7f80
006e80c0	1257	FUN_006e80c0
006e8620	2902	FUN_006e8620
006e9210	522	FUN_006e9210
006e9450	850	FUN_006e9450
006e97f0	712	FUN_006e97f0
006e9b10	111	FUN_006e9b10
006e9b80	145	FUN_006e9b80
006e9c40	475	FUN_006e9c40
006e9e50	207	FUN_006e9e50
006e9f20	146	FUN_006e9f20
006e9fe0	112	FUN_006e9fe0
006ea050	537	FUN_006ea050
006ea2b0	165	FUN_006ea2b0
006ea380	247	FUN_006ea380
006ea4c0	111	FUN_006ea4c0
006ea530	101	FUN_006ea530
006ea5a0	170	FUN_006ea5a0
006ea650	101	FUN_006ea650
006ea6c0	101	FUN_006ea6c0
006ea730	108	FUN_006ea730
006ea7a0	214	FUN_006ea7a0
006ea880	1298	FUN_006ea880
006eadf0	1186	FUN_006eadf0
006eb2e0	2234	FUN_006eb2e0
006ebbe0	2016	FUN_006ebbe0
006ec3f0	1531	FUN_006ec3f0
006eca70	633	FUN_006eca70
006ecd40	633	FUN_006ecd40
006ed010	1176	FUN_006ed010
006ed5a0	317	FUN_006ed5a0
006ed7b0	374	FUN_006ed7b0
006ed970	315	FUN_006ed970
006edaf0	5277	FUN_006edaf0
006ef230	462	FUN_006ef230
006ef430	134	FUN_006ef430
006ef4e0	1157	FUN_006ef4e0
006ef9d0	531	FUN_006ef9d0
006efc50	962	FUN_006efc50
006f0080	712	FUN_006f0080
006f03b0	493	FUN_006f03b0
006f05f0	165	FUN_006f05f0
006f06c0	241	FUN_006f06c0
006f07e0	241	FUN_006f07e0
006f0900	833	FUN_006f0900
006f0c90	4242	FUN_006f0c90
006f1d70	2471	FUN_006f1d70
006f2760	111	FUN_006f2760
006f27d0	673	FUN_006f27d0
006f2ad0	111	FUN_006f2ad0
006f2b40	673	FUN_006f2b40
006f2e40	224	FUN_006f2e40
006f2f60	596	FUN_006f2f60
006f3200	101	FUN_006f3200
006f3270	600	FUN_006f3270
006f3510	562	FUN_006f3510
006f3790	406	FUN_006f3790
006f3970	293	FUN_006f3970
006f3ac0	739	FUN_006f3ac0
006f3de0	101	FUN_006f3de0
006f3e50	124	FUN_006f3e50
006f3ef0	212	FUN_006f3ef0
006f3ff0	912	FUN_006f3ff0
006f43c0	811	FUN_006f43c0
006f4740	472	FUN_006f4740
006f4990	326	FUN_006f4990
006f4bc0	581	FUN_006f4bc0
006f4e40	733	FUN_006f4e40
006f5150	227	FUN_006f5150
006f5240	1072	FUN_006f5240
006f5850	6485	FUN_006f5850
006f73f0	243	FUN_006f73f0
006f7510	182	FUN_006f7510
006f75f0	1398	FUN_006f75f0
006f7bc0	2023	FUN_006f7bc0
006f8400	83	FUN_006f8400
006f8490	95	FUN_006f8490
006f8510	83	FUN_006f8510
006f85a0	95	FUN_006f85a0
006f8620	106	FUN_006f8620
006f8690	96	FUN_006f8690
006f86f0	96	FUN_006f86f0
006f8750	106	FUN_006f8750
006f87c0	96	FUN_006f87c0
006f8820	984	FUN_006f8820
006f8c50	138	FUN_006f8c50
006f8d00	1102	FUN_006f8d00
006f91b0	2837	FUN_006f91b0
006f9d40	567	FUN_006f9d40
006f9fa0	1020	FUN_006f9fa0
006fa3c0	1896	FUN_006fa3c0
006fab90	763	FUN_006fab90
006faec0	2050	FUN_006faec0
006fb710	4142	FUN_006fb710
006fc8d0	998	FUN_006fc8d0
006fcce0	361	FUN_006fcce0
006fce90	470	FUN_006fce90
006fd0c0	1279	FUN_006fd0c0
006fd620	167	FUN_006fd620
006fd700	139	FUN_006fd700
006fd7c0	157	FUN_006fd7c0
006fd890	172	FUN_006fd890
006fd970	1073	FUN_006fd970
006fdea0	2699	FUN_006fdea0
006fe990	128	FUN_006fe990
006fea50	83	FUN_006fea50
006feae0	95	FUN_006feae0
006feb60	83	FUN_006feb60
006febf0	95	FUN_006febf0
006fec70	83	FUN_006fec70
006fed00	95	FUN_006fed00
006fed80	1693	FUN_006fed80
006ff460	794	FUN_006ff460
006ff7b0	342	FUN_006ff7b0
006ff960	971	FUN_006ff960
006ffd80	942	FUN_006ffd80
00700180	128	FUN_00700180
00700200	163	FUN_00700200
007002f0	1509	FUN_007002f0
00700920	378	FUN_00700920
00700ad0	1114	FUN_00700ad0
00700f60	1444	FUN_00700f60
00701560	2562	FUN_00701560
00701fa0	1178	FUN_00701fa0
00702480	83	FUN_00702480
00702510	95	FUN_00702510
00702590	98	FUN_00702590
00702600	106	FUN_00702600
00702670	98	FUN_00702670
007026e0	106	FUN_007026e0
00702750	214	FUN_00702750
00702830	176	FUN_00702830
00702910	102	FUN_00702910
00702980	103	FUN_00702980
007029f0	199	FUN_007029f0
00702af0	105	FUN_00702af0
00702b60	113	FUN_00702b60
00702be0	500	FUN_00702be0
00702e00	390	FUN_00702e00
00702fb0	148	FUN_00702fb0
00703050	794	FUN_00703050
007033a0	263	FUN_007033a0
007034d0	814	FUN_007034d0
00703850	397	FUN_00703850
00703a10	211	FUN_00703a10
00703b10	1114	FUN_00703b10
00703fb0	577	FUN_00703fb0
00704210	2152	FUN_00704210
00704b00	415	FUN_00704b00
00704cd0	40	FUN_00704cd0
00704d00	151	FUN_00704d00
00704dc0	40	FUN_00704dc0
00704df0	151	FUN_00704df0
00704eb0	40	FUN_00704eb0
00704ee0	151	FUN_00704ee0
00704fa0	96	FUN_00704fa0
00705030	106	FUN_00705030
007050b0	40	FUN_007050b0
007050e0	151	FUN_007050e0
007051a0	40	FUN_007051a0
007051d0	151	FUN_007051d0
007052c0	151	FUN_007052c0
00705380	40	FUN_00705380
007053b0	151	FUN_007053b0
00705470	36	FUN_00705470
007054a0	49	FUN_007054a0
007054e0	36	FUN_007054e0
00705510	49	FUN_00705510
00705550	106	FUN_00705550
007055c0	3092	FUN_007055c0
00706220	83	FUN_00706220
007062b0	95	FUN_007062b0
00706330	106	FUN_00706330
007063a0	96	FUN_007063a0
00706400	122	FUN_00706400
007064b0	1844	FUN_007064b0
00706c50	146	FUN_00706c50
00706d30	206	FUN_00706d30
00706e00	228	FUN_00706e00
00706f30	143	FUN_00706f30
00706fc0	177	FUN_00706fc0
007070c0	119	FUN_007070c0
00707140	301	FUN_00707140
00707270	119	FUN_00707270
007072f0	285	FUN_007072f0
00707410	103	FUN_00707410
007074f0	232	FUN_007074f0
007075e0	103	FUN_007075e0
00707650	168	FUN_00707650
00707700	201	FUN_00707700
007077d0	269	FUN_007077d0
007078e0	448	FUN_007078e0
00707aa0	173	FUN_00707aa0
00707b80	104	FUN_00707b80
00707bf0	151	FUN_00707bf0
00707c90	269	FUN_00707c90
00707db0	192	FUN_00707db0
00707e70	208	FUN_00707e70
00707f40	398	FUN_00707f40
00708120	913	FUN_00708120
007084d0	2316	FUN_007084d0
00708f00	120	FUN_00708f00
00708f80	121	FUN_00708f80
00709000	164	FUN_00709000
007090d0	161	FUN_007090d0
00709180	173	FUN_00709180
00709230	103	FUN_00709230
007092a0	115	FUN_007092a0
00709320	161	FUN_00709320
007093d0	173	FUN_007093d0
00709480	212	FUN_00709480
00709560	155	FUN_00709560
00709600	1230	FUN_00709600
00709b00	224	FUN_00709b00
00709be0	145	FUN_00709be0
00709cc0	146	FUN_00709cc0
00709d80	972	FUN_00709d80
0070a190	103	FUN_0070a190
0070a200	103	FUN_0070a200
0070a270	103	FUN_0070a270
0070a2e0	155	FUN_0070a2e0
0070a380	3183	FUN_0070a380
0070b070	118	FUN_0070b070
0070b0f0	1266	FUN_0070b0f0
0070b610	1216	FUN_0070b610
0070bb30	523	FUN_0070bb30
0070bd60	467	FUN_0070bd60
0070bf70	717	FUN_0070bf70
0070c260	145	FUN_0070c260
0070c370	108	FUN_0070c370
0070c470	101	FUN_0070c470
0070c4e0	190	FUN_0070c4e0
0070c5a0	612	FUN_0070c5a0
0070c810	288	FUN_0070c810
0070c930	182	FUN_0070c930
0070ca20	663	FUN_0070ca20
0070cce0	256	FUN_0070cce0
0070cde0	1306	FUN_0070cde0
0070d350	1287	FUN_0070d350
0070d8a0	500	FUN_0070d8a0
0070dad0	351	FUN_0070dad0
0070dc60	108	FUN_0070dc60
0070dcd0	2174	FUN_0070dcd0
0070e580	159	FUN_0070e580
0070e640	3877	FUN_0070e640
0070f5a0	3069	FUN_0070f5a0
007101e0	232	FUN_007101e0
007102f0	180	FUN_007102f0
007103d0	155	FUN_007103d0
007104a0	108	FUN_007104a0
00710510	110	FUN_00710510
00710580	195	FUN_00710580
00710650	815	FUN_00710650
007109a0	132	FUN_007109a0
00710a50	159	FUN_00710a50
00710b20	37	FUN_00710b20
00710b50	22	FUN_00710b50
00710b70	59	FUN_00710b70
00710bb0	19	FUN_00710bb0
00710bd0	653	FUN_00710bd0
00710ea0	452	FUN_00710ea0
00711090	684	FUN_00711090
00711370	1712	FUN_00711370
00711a80	169	FUN_00711a80
00711b30	215	FUN_00711b30
00711c40	191	FUN_00711c40
00711d30	3063	FUN_00711d30
00712980	830	FUN_00712980
00712f30	373	FUN_00712f30
00713300	197	FUN_00713300
00713400	95	FUN_00713400
00713480	83	FUN_00713480
00713510	99	FUN_00713510
007135a0	85	FUN_007135a0
00713630	94	FUN_00713630
00713690	103	FUN_00713690
00713700	106	FUN_00713700
00713770	96	FUN_00713770
007137d0	991	FUN_007137d0
00713cc0	378	FUN_00713cc0
00713e90	143	FUN_00713e90
00713f20	406	FUN_00713f20
007141b0	146	FUN_007141b0
00714290	122	FUN_00714290
00714340	123	FUN_00714340
007143f0	95	FUN_007143f0
00714470	83	FUN_00714470
00714500	99	FUN_00714500
00714590	85	FUN_00714590
00714620	101	FUN_00714620
00714690	99	FUN_00714690
00714720	85	FUN_00714720
007147b0	764	FUN_007147b0
00714bc0	378	FUN_00714bc0
00714d90	143	FUN_00714d90
00714e20	206	FUN_00714e20
00714ef0	146	FUN_00714ef0
00714fd0	122	FUN_00714fd0
00715080	123	FUN_00715080
00715130	26872	FUN_00715130
0071ba50	695	FUN_0071ba50
0071bd50	478	FUN_0071bd50
0071bf70	346	FUN_0071bf70
0071c110	1272	FUN_0071c110
0071c850	1330	FUN_0071c850
0071cfc0	2158	FUN_0071cfc0
0071d890	590	FUN_0071d890
0071db40	243	FUN_0071db40
0071dc70	923	FUN_0071dc70
0071e050	923	FUN_0071e050
0071e430	170	FUN_0071e430
0071e4e0	165	FUN_0071e4e0
0071e5b0	229	FUN_0071e5b0
0071e6a0	155	FUN_0071e6a0
0071e770	280	FUN_0071e770
0071e8c0	2880	FUN_0071e8c0
0071f460	817	FUN_0071f460
0071f7e0	402	FUN_0071f7e0
0071f9a0	1032	FUN_0071f9a0
0071fdf0	1032	FUN_0071fdf0
00720240	2422	FUN_00720240
00720d10	1075	FUN_00720d10
00721170	750	FUN_00721170
00721490	345	FUN_00721490
00721650	983	FUN_00721650
00721a70	1754	FUN_00721a70
007221b0	5477	FUN_007221b0
00723780	2862	FUN_00723780
007242f0	1455	FUN_007242f0
00724900	413	FUN_00724900
00724b00	413	FUN_00724b00
00724d00	1995	FUN_00724d00
00725520	676	FUN_00725520
007257f0	459	FUN_007257f0
007259f0	165	FUN_007259f0
00725ac0	1005	FUN_00725ac0
00725f00	111	FUN_00725f00
00725f70	165	FUN_00725f70
00726040	2243	FUN_00726040
00726960	2886	FUN_00726960
00727520	1417	FUN_00727520
00727b20	254	FUN_00727b20
00727c60	303	FUN_00727c60
00727dd0	303	FUN_00727dd0
00727f40	303	FUN_00727f40
007280b0	137	FUN_007280b0
00728140	600	FUN_00728140
007283e0	85	FUN_007283e0
00728470	116	FUN_00728470
007284f0	713	FUN_007284f0
00728810	317	FUN_00728810
00728a60	17068	FUN_00728a60
0072ceb0	106	FUN_0072ceb0
0072cf20	108	FUN_0072cf20
0072cf90	274	FUN_0072cf90
0072d0d0	1624	FUN_0072d0d0
0072d780	198	FUN_0072d780
0072d870	410	FUN_0072d870
0072da30	531	FUN_0072da30
0072dc70	531	FUN_0072dc70
0072deb0	1321	FUN_0072deb0
0072e430	1310	FUN_0072e430
0072e9a0	1307	FUN_0072e9a0
0072ef10	513	FUN_0072ef10
0072f150	376	FUN_0072f150
0072f310	296	FUN_0072f310
0072f480	1012	FUN_0072f480
0072f8c0	1892	FUN_0072f8c0
00730070	901	FUN_00730070
00730430	1533	FUN_00730430
00730ab0	257	FUN_00730ab0
00730bd0	222	FUN_00730bd0
00730ce0	915	FUN_00730ce0
007310c0	663	FUN_007310c0
00731390	1682	FUN_00731390
00731a70	1512	FUN_00731a70
007320b0	546	FUN_007320b0
00732300	1266	FUN_00732300
00732850	1074	FUN_00732850
00732cb0	602	FUN_00732cb0
00732f30	678	FUN_00732f30
00733200	3371	FUN_00733200
00733ff0	2130	FUN_00733ff0
00734890	1050	FUN_00734890
00734ce0	753	FUN_00734ce0
00735040	1558	FUN_00735040
00735730	1853	FUN_00735730
00735ee0	348	FUN_00735ee0
00736070	2827	FUN_00736070
00736c00	2325	FUN_00736c00
00737570	1352	FUN_00737570
00737af0	1028	FUN_00737af0
00737f40	159	FUN_00737f40
00738000	48	FUN_00738000
00738030	98	FUN_00738030
007380a0	106	FUN_007380a0
00738110	98	FUN_00738110
00738180	106	FUN_00738180
007381f0	460	FUN_007381f0
00738400	856	FUN_00738400
