11001990	6	__vbaChkstk
1100199c	6	__vbaFPException
110019b4	6	adj_fdiv_m64
11001bf4	6	VBDllUnRegisterServer
11001bfa	6	VBDllGetClassObject
11001c00	6	VBDllRegisterServer
11001c06	6	VBDllCanUnloadNow
11001c0c	6	UserDllMain
11001c14	17	entry
11006220	22	DllUnregisterServer
11006236	22	DllGetClassObject
1100624c	22	DllRegisterServer
11006262	12	DllCanUnloadNow
11006570	78	FUN_11006570
110065c0	78	FUN_110065c0
11006610	154	FUN_11006610
110066b0	184	FUN_110066b0
11006770	78	FUN_11006770
110067c0	161	FUN_110067c0
110068b0	179	FUN_110068b0
110069a0	446	FUN_110069a0
11006b90	151	FUN_11006b90
11006c50	921	FUN_11006c50
11007020	296	FUN_11007020
11007180	479	FUN_11007180
11007390	133	FUN_11007390
11007420	192	FUN_11007420
11007510	155	FUN_11007510
110075b0	784	FUN_110075b0
11007900	128	FUN_11007900
11007980	417	FUN_11007980
11007b60	7701	FUN_11007b60
110099c0	688	FUN_110099c0
11009cb0	3516	FUN_11009cb0
1100aab0	766	FUN_1100aab0
1100adf0	2501	FUN_1100adf0
1100b7f0	101	FUN_1100b7f0
1100b860	206	FUN_1100b860
1100b930	91	FUN_1100b930
1100b9a0	983	FUN_1100b9a0
1100bde0	1955	FUN_1100bde0
1100e5a0	864	FUN_1100e5a0
1100e970	1864	FUN_1100e970
1100f140	2120	FUN_1100f140
1100fa10	4216	FUN_1100fa10
11010b10	4462	FUN_11010b10
11011d00	5130	FUN_11011d00
11013330	2766	FUN_11013330
11013f10	222	FUN_11013f10
11014020	222	FUN_11014020
11014130	137	FUN_11014130
110141c0	634	FUN_110141c0
11014470	480	FUN_11014470
110146b0	484	FUN_110146b0
110148f0	111	FUN_110148f0
11014960	1985	FUN_11014960
11015190	498	FUN_11015190
110153e0	181	FUN_110153e0
110154c0	1341	FUN_110154c0
11015a30	2939	FUN_11015a30
110165f0	243	FUN_110165f0
11016720	6539	FUN_11016720
110180f0	243	FUN_110180f0
11018220	9766	FUN_11018220
1101a8c0	1166	FUN_1101a8c0
1101ad90	5719	FUN_1101ad90
1101c430	1053	FUN_1101c430
1101c880	230	FUN_1101c880
1101c990	221	FUN_1101c990
1101caa0	107	FUN_1101caa0
1101cb10	170	FUN_1101cb10
1101cc80	845	FUN_1101cc80
1101cff0	3200	FUN_1101cff0
1101dc90	80	FUN_1101dc90
1101dce0	629	FUN_1101dce0
1101dfa0	684	FUN_1101dfa0
1101e250	365	FUN_1101e250
1101e3f0	980	FUN_1101e3f0
