004016b0	6	__vbaChkstk
004016bc	6	__vbaFPException
004016c8	6	adj_fdiv_m32
00401740	6	DllFunctionCall
00401938	6	ThunRTMain
00401940	250	entry
00403fd4	25	FUN_00403fd4
00404020	25	FUN_00404020
00404070	25	FUN_00404070
0040432c	25	FUN_0040432c
00404384	25	FUN_00404384
004043cc	25	FUN_004043cc
00404410	25	FUN_00404410
00404458	25	FUN_00404458
004044b4	25	FUN_004044b4
004044fc	25	FUN_004044fc
0070efa0	195	FUN_0070efa0
0070f070	121	FUN_0070f070
0070f120	125	FUN_0070f120
0070f1a0	397	FUN_0070f1a0
0070f370	297	FUN_0070f370
0070f4a0	133	FUN_0070f4a0
0070f530	217	FUN_0070f530
0070f610	106	FUN_0070f610
0070f680	120	FUN_0070f680
0070f700	214	FUN_0070f700
0070f810	132	FUN_0070f810
0070f8a0	408	FUN_0070f8a0
0070fa80	180	FUN_0070fa80
0070fb70	208	FUN_0070fb70
0070fc40	112	FUN_0070fc40
0070fcb0	221	FUN_0070fcb0
0070fdc0	106	FUN_0070fdc0
0070fe30	1390	FUN_0070fe30
007103d0	215	FUN_007103d0
007104e0	127	FUN_007104e0
00710560	127	FUN_00710560
007105e0	127	FUN_007105e0
00710660	119	FUN_00710660
007106e0	372	FUN_007106e0
007108a0	119	FUN_007108a0
00710920	122	FUN_00710920
007109a0	122	FUN_007109a0
00710a20	340	FUN_00710a20
00710bc0	340	FUN_00710bc0
00710d60	162	FUN_00710d60
00710e30	208	FUN_00710e30
00710f00	215	FUN_00710f00
00710fe0	211	FUN_00710fe0
007110c0	192	FUN_007110c0
007111b0	110	FUN_007111b0
00711220	440	FUN_00711220
00711410	434	FUN_00711410
00711600	1276	FUN_00711600
00711b50	3322	FUN_00711b50
00712890	1284	FUN_00712890
00712da0	3278	FUN_00712da0
00713a90	1824	FUN_00713a90
007141b0	1762	FUN_007141b0
007148b0	1072	FUN_007148b0
00714ce0	15152	FUN_00714ce0
00718810	1652	FUN_00718810
00718ed0	1356	FUN_00718ed0
00719470	65	FUN_00719470
007194c0	312	FUN_007194c0
00719600	4015	FUN_00719600
0071a600	498	FUN_0071a600
0071a810	434	FUN_0071a810
0071a9e0	1072	FUN_0071a9e0
0071ae10	1682	FUN_0071ae10
0071b4c0	1842	FUN_0071b4c0
0071bc10	1874	FUN_0071bc10
0071c380	1556	FUN_0071c380
0071c9c0	131	FUN_0071c9c0
0071ca50	4379	FUN_0071ca50
0071dbc0	432	FUN_0071dbc0
0071ddd0	546	FUN_0071ddd0
0071e030	2256	FUN_0071e030
0071e900	976	FUN_0071e900
0071ecd0	2542	FUN_0071ecd0
0071f6e0	753	FUN_0071f6e0
0071fa10	1654	FUN_0071fa10
007200b0	2976	FUN_007200b0
00720c50	4553	FUN_00720c50
00721e30	397	FUN_00721e30
00721ff0	942	FUN_00721ff0
007223d0	498	FUN_007223d0
00722600	562	FUN_00722600
00722870	272	FUN_00722870
00722980	354	FUN_00722980
00722b20	129	FUN_00722b20
00722bc0	2655	FUN_00722bc0
00723630	960	FUN_00723630
00723a60	616	FUN_00723a60
00723d20	169	FUN_00723d20
00723e10	364	FUN_00723e10
00723fd0	149	FUN_00723fd0
007240a0	283	FUN_007240a0
00724200	3102	FUN_00724200
00724e50	128	FUN_00724e50
00724ef0	1462	FUN_00724ef0
00725520	365	FUN_00725520
007256b0	866	FUN_007256b0
00725a40	316	FUN_00725a40
00725bb0	1019	FUN_00725bb0
