00401c40	6	__vbaChkstk
00401c4c	6	__vbaFPException
00401c58	6	adj_fdiv_m32
00401cd0	6	DllFunctionCall
00401eec	6	ThunRTMain
00401ef4	172	entry
00450a04	25	FUN_00450a04
007253c0	8555	FUN_007253c0
00727600	306	FUN_00727600
00727760	238	FUN_00727760
00727880	315	FUN_00727880
00727a10	505	FUN_00727a10
00727c60	147	FUN_00727c60
00727d00	192	FUN_00727d00
00727dc0	412	FUN_00727dc0
00727fa0	327	FUN_00727fa0
00728110	199	FUN_00728110
007281e0	130	FUN_007281e0
00728270	476	FUN_00728270
00728450	104	FUN_00728450
007284c0	4419	FUN_007284c0
00729670	5978	FUN_00729670
0072ae10	728	FUN_0072ae10
0072b140	1625	FUN_0072b140
0072b7f0	253	FUN_0072b7f0
0072b920	107	FUN_0072b920
0072b990	242	FUN_0072b990
0072bab0	812	FUN_0072bab0
0072be20	1420	FUN_0072be20
0072c400	1410	FUN_0072c400
0072c9d0	1392	FUN_0072c9d0
0072cf90	286	FUN_0072cf90
0072d0e0	790	FUN_0072d0e0
0072d430	2886	FUN_0072d430
0072dfc0	1072	FUN_0072dfc0
0072e430	188	FUN_0072e430
0072e520	1226	FUN_0072e520
0072ea30	1330	FUN_0072ea30
0072f000	208	FUN_0072f000
0072f100	4193	FUN_0072f100
007301a0	321	FUN_007301a0
00730320	111	FUN_00730320
00730390	1249	FUN_00730390
007308a0	1253	FUN_007308a0
00730db0	434	FUN_00730db0
00730fa0	150	FUN_00730fa0
00731060	144	FUN_00731060
00731130	150	FUN_00731130
007311f0	144	FUN_007311f0
007312c0	150	FUN_007312c0
00731380	144	FUN_00731380
00731450	140	FUN_00731450
00731510	479	FUN_00731510
00731730	274	FUN_00731730
00731870	368	FUN_00731870
00731a10	101	FUN_00731a10
00731a90	261	FUN_00731a90
00731ba0	400	FUN_00731ba0
00731d60	588	FUN_00731d60
00732000	606	FUN_00732000
007322b0	237	FUN_007322b0
007323d0	237	FUN_007323d0
007324f0	133	FUN_007324f0
00732580	605	FUN_00732580
00732830	197	FUN_00732830
00732920	144	FUN_00732920
007329b0	144	FUN_007329b0
00732a40	487	FUN_00732a40
00732c50	218	FUN_00732c50
00732d30	85	FUN_00732d30
00732de0	109	FUN_00732de0
00732ea0	103	FUN_00732ea0
00732f30	1321	FUN_00732f30
007334a0	224	FUN_007334a0
00733580	378	FUN_00733580
00733730	127	FUN_00733730
007337b0	127	FUN_007337b0
00733830	83	FUN_00733830
007338d0	112	FUN_007338d0
00733940	85	FUN_00733940
007339d0	104	FUN_007339d0
00733a40	85	FUN_00733a40
00733ad0	104	FUN_00733ad0
00733b40	85	FUN_00733b40
00733be0	112	FUN_00733be0
00733c50	227	FUN_00733c50
00733d70	123	FUN_00733d70
00733e40	138	FUN_00733e40
00733f00	85	FUN_00733f00
00733f90	104	FUN_00733f90
00734000	112	FUN_00734000
007340b0	188	FUN_007340b0
007341c0	123	FUN_007341c0
00734270	106	FUN_00734270
00734310	183	FUN_00734310
007343f0	771	FUN_007343f0
00734740	2257	FUN_00734740
007350e0	407	FUN_007350e0
007352d0	83	FUN_007352d0
00735360	102	FUN_00735360
007353d0	132	FUN_007353d0
00735490	134	FUN_00735490
00735540	85	FUN_00735540
007355d0	104	FUN_007355d0
00735640	119	FUN_00735640
007356f0	188	FUN_007356f0
00735800	123	FUN_00735800
007358b0	257	FUN_007358b0
