sha256	path	status	malicious	suspicious	undetected	first_submission	names	top_labels
049d4326a7eed6461e8d17151b69509c806e495aedb3e72d9093651087c2315d	sample/bon4.zip	found	37	0	29	2025-05-27	bon4.zip; bon4 (1).zip; bon4 (4).zip; Bonzi Buddy.zip; RevisãoDePortuguês.zip	ADWARE/W32.Adware; AdWare.Bonzo; AdWare.Bonzo.c; AdWare:Win32/Bonzo.a5f846b2; Adware.ADWARE/W32.Adware; Adware.ZIP.Bonzo.2!c
f1e859d99072e35f20e172d8458e3ea1baf8ba86c8c9e311a0debcd2acd5d0fc	sample/BonziBuddy432.exe	found	43	0	25	2013-06-19	BonziBuddy432.exe; BonziBuddy.exe; BonziBuddy432 2.exe; BonziBuddy432 7.exe; BonziBuddy432 3.exe	ADWARE/W32.Adware; AdWare.Bonzo; AdWare.Bonzo.c; AdWare:Win32/Bonzo.96a5ac66; Adware.ADWARE/W32.Adware; Adware.Win32.Bonzo.2!c
2c8f92dc16cbf13542ddd3bf0a947cf84b00fed83a7124b830ddefa92f939877	extracted/BonziBuddy432/app/ActiveSkin.ocx	found	0	0	73	2011-04-23	ActiveSkin.ocx; activeskin.ocx; 102; Act456A.tmp; ActiveSkin.$$A	
0563e77b6bd63eb0561f6264badb5d07dacb7287ce029dc3ca3279a964ea6a6d	extracted/BonziBuddy432/app/AUTPRX32.DLL	found	0	0	72	2009-06-17	AUTPRX32.DLL; _ED7C080967E340B9BC0B064319059F27; Autprx32.dll; autprx32.dll; _7057610F4D374858B7512ADC63F5BF67.B41299C438CD4517B889F429BE79EF2E	
2836a35937ad987bd9ddba33162136d71bcbaba0ad6d9b1930a412961b3a3523	extracted/BonziBuddy432/app/BBReader.EXE	found	0	0	71	2014-08-26	BBReader.EXE; BBReader; BBReader.exe; bbreader.exe; BBReader.$$A	
1e2994763a7674a0f1ec117dae562b05b614937ff61c83b316b135afab02d45a	extracted/BonziBuddy432/app/BonziBDY_2.EXE	found	16	0	55	2011-01-04	BonziBDY_2.EXE; BonziBDY; BonziBDY.EXE; BonziBDY_2 (1).EXE; BonziBDY_2 (7).EXE	Adware.Win32.Agent.cl; Application.Agent.MHU; Application.Agent.MHU (B); Artemis!8A30BD00D45A; Generic Reputation PUA (PUA); MALICIOUS
88c03817ae8dfc5fc9e6ffd1cfb5b829924988d01cd472c1e64952c5398866e8	extracted/BonziBuddy432/app/BonziBDY_35.EXE	found	15	0	35	2014-07-27	BonziBDY_35.EXE; BonziBDY; BonziBDY.EXE; 107; BonziBDY_4.EXE	Adware.Mhv.2588672; Adware:Win32/BonziBUDDY; Application.Agent.MHV; Artemis!73FEEAB1C303; Email-Worm.Win32.Alcaul; Generic Reputation PUA (PUA)
5678fd744faddb30a87568ae309066ef88102a274fff62f10e4963350da373bc	extracted/BonziBuddy432/app/BonziBDY_4.EXE	found	40	0	30	2013-05-29	BonziBDY_4.EXE; BonziBDY; BonziBDY.EXE; BonziAffe_Original_20260625_075238.exe; BonziBDY_42.EXE	ADWARE_BONZI; Adware-BonziBuddy.j; Adware.Bonzi; Adware.Bonzo.3403776.A; Adware.Bonzo.Win32.7; Adware.Win32.Bonzo.2!c
6d80bd5a3d5ec6630e9a411a978c8e2c196f530f6a5b580fa982c5ad1622bd0c	extracted/BonziBuddy432/app/BonziBUDDY_Killer.exe	found	3	0	68	2014-08-26	BonziBUDDY_Killer.exe; BonziBUDDY_Killer; exe.exe; BonziBUDDY_Killer.$$A; BonziBUDDY_Killer.exe.bin	Detected; Email-Worm.Win32.Alcaul; Malicious
9028075603c66ca2e906ecac3275e289d8857411a288c992e8eef793ed71a75b	extracted/BonziBuddy432/app/BonziCheckers.ocx	found	0	0	72	2015-02-12	BonziCheckers.ocx; bonzicheckers.ocx; 108; BonziCheckers; BonziCheckers.$$A	
f85525a3ebe334f7403f031ec47c2b32461650224223ee728107dce0e879ea93	extracted/BonziBuddy432/app/BonziCTB.dll	found	29	0	40	2011-04-19	BonziCTB.dll; BonziCTB; bonzictb.dll; 109; 6A4C7D730AED29B0405B03E128C1655A.dll	ADWARE/W32.Adware; ADWARE_BONZI; Adware-BonziBuddy.e; Adware.ADWARE/W32.Adware; Adware.Bonzi; Adware.BonziBuddy.28672
821a16b65f68e745492419ea694f363926669ac16f6b470ed59fe5a3f1856fcb	extracted/BonziBuddy432/app/Bonzi's Beach Checkers.exe	found	0	0	71	2014-08-26	Bonzi's Beach Checkers.exe; b.exe; Projector; Projector.exe; Bonzi_sBeachCheckers.exe	
fe97b317d345fb3e708087ebf27a50c539f66fc77c7b6895825f564c9fefc4c6	extracted/BonziBuddy432/app/Bonzi's Solitaire.exe	found	0	0	62	2014-08-18	Bonzi's Solitaire.exe; Bonzi's Solitaire; Bonzi_sSolitaire.exe; BonzisSolitaire.exe; Bonzi_s Solitaire.exe	
f198ec842cf9b9d1e9e3f4bb6864fae7eea98d6919e0c6609e139e00c262d6bc	extracted/BonziBuddy432/app/empop3.dll	found	1	0	74	2009-08-10	empop3.dll; 110; empop3.$$A; EMPOP3; empop3	Malicious (score: 100)
743857c8be216893265c231ad45f4ffd3babb67c024ef8ceb5a698e292464263	extracted/BonziBuddy432/app/emsmtp.dll	found	1	0	74	2011-07-19	emsmtp.dll; 111; emsmtp.$$A; EASYMAIL; emsmtp	Malicious (score: 100)
c3dfadbe670df02d784aa9db249303d253ecd18a720299c9ab4e8968ba240e57	extracted/BonziBuddy432/app/Jigsaw.exe	found	3	0	64	2014-08-26	Jigsaw.exe; Jigsaw.$$A; Jigsaw; jigsaw.exe	Adware.BonziBuddy; Trojan.Malware.300983.susgen; malicious.moderate.ml.score
3b6ccdb560d7cd4748e992bd82c799acd1bbcfc922a13830ca381d976ffcccaf	extracted/BonziBuddy432/app/MSCOMCTL.OCX	found	0	0	69	2009-01-12	MSCOMCTL.OCX; mscomctl.ocx; Global_Controls_MSCOMCTLOCX_f0.3207D1B9_80E5_11D2_B95D_006097C4DE24; Mscomctl.ocx; Mscomctl.ocx1.13FF3C1F_B45F_46F8_88DE_01231D7E5109	
73da54b69911bdd08ea8bbbd508f815ef7cfa59c4684d75c1c602252ec88ee31	extracted/BonziBuddy432/app/MSINET.OCX	found	0	0	62	2008-04-26	MSINET.OCX; RocketDock.OCX; MSInet.ocx; msinet.ocx; Msinet.oc	
2246b4feae199408ea66d4a90c1589026f4a5800ce5a28e583b94506a8a73dce	extracted/BonziBuddy432/app/msvbvm60.dll	found	1	0	69	2009-12-13	msvbvm60.dll; MSVBVM60.DLL; c31iuoip.2immsvbvm60.dll; 22; Msvbvm60.dll	Malicious (score: 100)
d7cea69a98579d928e534070f5293e80ed7df38baf611b20717ef55aa1344a18	extracted/BonziBuddy432/app/msvcrt.dll	found	0	0	70	2009-02-11	msvcrt.dll; MSVCRT.dll; _865E83F92E286E06EB6334C9E526E228; MSVCRT.DLL; MSVCRT.DL	
bf7e47c16d7e1c0e88534f4ef95e09d0fd821ed1a06b0d95a389b35364b63ff5	extracted/BonziBuddy432/app/MSWINSCK.OCX	found	0	0	69	2007-03-06	MSWINSCK.OCX; $R0; mswinsck.ocx; nsck.ocx; Mswinsck.ocx	
c4b58c78dc14e247ba303f630e42e9e56667dafef7aba1f0fdfd058b658f0a36	extracted/BonziBuddy432/app/ODKOB32.DLL	found	0	0	71	2010-01-10	ODKOB32.DLL; _F06EA90A2ABE47FCBB62E403D25C723F; Odkob32.dll; odkob32.dll; _ADF9EDEDAAD34A1C879E7AB66EBD3841.B41299C438CD4517B889F429BE79EF2E	
054fbd3c3a31cea5c69c78c1455d19d2f3486e07428ea951f107d5dac3e58d25	extracted/BonziBuddy432/app/RACREG32.DLL	found	0	0	72	2009-06-08	RACREG32.DLL; _25A2AAE533684810A3DE508863C42078; Racreg32.dll; racreg32.dll; _89E2140B881649CDB9F0170EC432C714.B41299C438CD4517B889F429BE79EF2E	
07e91d8ed149d5cd6d48403268a773c664367bce707a99e51220e477fddeeb42	extracted/BonziBuddy432/app/Regicon.ocx	found	0	0	73	2011-05-17	Regicon.ocx; regicon.ocx; 129; Regicon.$$A; Regicon	
b4694750c1151663750e131ffd9b989a3b81818059b6d60dc279ecac966644e1	extracted/BonziBuddy432/app/Runtimes/actcnc.exe	found	0	0	70	2007-02-03	actcnc.exe; Wextract; WEXTRACT.EXE; ActCnC.exe; 89059611.exe	
16ca09ad70561f413376ad72550ae5664c89c6a76c85c872ffe2cb1e7f49e2aa	extracted/BonziBuddy432/app/Runtimes/MSAGENT.EXE	found	0	0	69	2007-11-06	MSagent.exe; MSAGENT.EXE; msagent.exe; 101; 20000211_AGENT20.EXE	
7b05a46c786c91492d154683259c229aa9456286f688da18d4016d91625bebcc	extracted/BonziBuddy432/app/Runtimes/spchapi.EXE	found	0	0	70	2009-03-08	spchapi.EXE; SPCHAPI.EXE; spchapi.exe; setup_sapi4_driver.exe; Binary.New_Binary2	
57858127f1a07233ccb4713bd29c860c9a7a201f2b8207ccfc91410478cce4b4	extracted/BonziBuddy432/app/Runtimes/spchcpl.exe	found	1	0	69	2007-02-03	spchcpl.exe; Wextract; WEXTRACT.EXE; SpchCpl.exe; mnmpmby4b.dll	Worm.Viking.Win32.22518
709936902951fb684d0a03a561fb7fd41c5e6f81ecd60d326809db66eb659331	extracted/BonziBuddy432/app/Runtimes/tv_enua.exe	found	0	0	68	2009-02-16	tv_enua.exe; TV_ENUA.EXE; 102; is-5U0F1.tmp; Wextract	
7a0418b76d00665a71d13a30d838c3e086304bacd10d764650d2a5d2ec691008	extracted/BonziBuddy432/app/ssa3d30.ocx	found	0	0	72	2009-04-08	ssa3d30.ocx; 132; Ssa3d30.ocx; Threed20.Ocx; ~GLH002b.TMP	
8e52ef01139dc448d1efd33d1d9532f852a74d05ee87e8e93c2bb0286a864e13	extracted/BonziBuddy432/app/SSCALA32.OCX	found	0	0	72	2009-06-15	SSCALA32.OCX; SsCala32.ocx; Sscala32.ocx; sscala32.ocx; SSCALA32.ocx	
5db33895923b7af9769ca08470d0462ed78eec432a4022ff0acc24fa2d4666e1	extracted/BonziBuddy432/app/SSCALB32.OCX	found	0	0	72	2009-06-15	SSCALB32.OCX; sscalb32.ocx; SSCALB32.ocx; 134; SSCALB32.OCX (copy)	
596f3235642c9c968650194065850ecb02c8c524d2bdcaf6341a01201e0d69be	extracted/BonziBuddy432/app/sstabs2.ocx	found	1	0	70	2009-06-22	SSTabs2.Ocx; sstabs2.ocx; SSTABS2.OCX; FIL_SSTABS2OCX.14445FCE_0DE6_42B3_B53F_DAEBC42C428C; 135	Malicious (score: 100)
48bb226b418dae999d66731599996e042c5592d845ea11548a15ccd3a00fb5ab	extracted/BonziBuddy432/app/SSubTmr6.dll	found	0	0	72	2009-05-29	SSubTmr6.dll; _CF36D4F4D31D473DBF2B0EACE7273B8A; ssubtmr6.dll; SSUBTMR6.DLL; $R0	
465839938f2baec7d66dbc3f2352f6032825618a18c9c0f9333d13af6af39f71	extracted/BonziBuddy432/app/Uninstall.exe	found	0	0	72	2011-12-19	16; program.exe; Uninstall.exe; 465839938f2baec7d66dbc3f2352f6032825618a18c9c0f9333d13af6af39f71	
