11006570	BonziCHECKERSControl	Public_13
110065c0	BonziCHECKERSControl	Public_14
11006610	BonziCHECKERSControl	Public_15
110066b0	BonziCHECKERSControl	Public_16
11006770	BonziCHECKERSControl	Public_17
110067c0	BonziCHECKERSControl	Public_0
110068b0	BonziCHECKERSControl	Public_1
110069a0	BonziCHECKERSControl	Public_2
11006b90	BonziCHECKERSControl	Public_3
11006c50	BonziCHECKERSControl	Public_4
11007020	BonziCHECKERSControl	Public_5
11007180	BonziCHECKERSControl	Public_6
11007390	BonziCHECKERSControl	Public_18
11007420	BonziCHECKERSControl	Public_19
11007510	BonziCHECKERSControl	Public_20
110075b0	BonziCHECKERSControl	Public_21
11007900	BonziCHECKERSControl	Public_22
11007980	BonziCHECKERSControl	Public_7
11007b60	BonziCHECKERSControl	Public_8
110099c0	BonziCHECKERSControl	Public_9
11009cb0	BonziCHECKERSControl	Public_10
1100aab0	BonziCHECKERSControl	Public_11
1100adf0	BonziCHECKERSControl	Public_12
1100b7f0	frmMain	Public_0
1100b860	frmMain	Public_1
1100b930	frmMain	Public_8
1100b9a0	frmMain	Public_2
1100bde0	frmMain	Public_9
1100e5a0	frmMain	Public_11
1100e970	frmMain	Public_12
1100f140	frmMain	Public_13
1100fa10	frmMain	Public_14
11010b10	frmMain	Public_15
11011d00	frmMain	Public_16
11013330	frmMain	Public_20
11013f10	frmMain	chkAlphaBeta_ev0
11014020	frmMain	chkIterativeDeepening_ev0
11014130	frmMain	cmdHide_ev0
110141c0	frmMain	cmdReset_ev0
11014470	frmMain	cmdSetDepth_ev0
110146b0	frmMain	cmdSetRandom_ev0
110148f0	frmMain	cmdStop_ev0
11014960	frmMain	cmdTestMoves_ev0
11015190	frmMain	cmdTimeLimit_ev0
110153e0	frmMain	Form_ev6
110154c0	frmMain	Public_28
11015a30	frmMain	Public_29
110165f0	frmMain	Public_30
11016720	frmMain	Public_31
110180f0	frmMain	Public_32
11018220	frmMain	Public_33
1101a8c0	frmMain	Public_35
1101ad90	frmMain	Public_36
1101c430	frmMain	Public_37
1101c880	frmMain	Public_39
1101c990	frmMain	Public_40
1101caa0	frmMain	Public_6
1101cb10	frmMain	Timer1_ev0
1101cc80	frmMain	Public_43
1101cff0	frmMain	Public_44
1101dc90	frmMain	Public_45
1101dce0	frmMain	Public_46
1101dfa0	frmMain	Public_47
1101e250	frmMain	Public_51
1101e3f0	frmMain	Public_7
