004d6f70	frmReaderOptions	cmdAdvancedOptions_ev0
004d70a0	frmReaderOptions	cmdCancel_ev0
004d7170	frmReaderOptions	cmdOK_ev0
004d7290	frmReaderOptions	cmdPrint_ev0
004d73a0	frmReaderOptions	Form_ev10
004d7450	frmReaderOptions	Form_ev6
004d7500	frmReaderOptions	optCustomConfig_ev0
004d7570	frmReaderOptions	optGlobalConfig_ev0
004d75e0	frmReaderOptions	Public_11
004d7790	frmReaderOptions	Public_12
004d7ca0	frmReaderOptions	Public_13
004d8240	frmReaderOptions	Public_14
004d84f0	frmReaderOptions	Public_0
004d8700	frmReaderOptions	Public_1
004d87f0	modGraphics+modPlayer+modTextCrypt	Proc_4d87f0
004d89c0	modGraphics+modPlayer+modTextCrypt	Proc_4d89c0
004d8ce0	modGraphics+modPlayer+modTextCrypt	Proc_4d8ce0
004d9290	modGraphics+modPlayer+modTextCrypt	Proc_4d9290
004da6f0	modGraphics+modPlayer+modTextCrypt	Proc_4da6f0
004da840	modGraphics+modPlayer+modTextCrypt	Proc_4da840
004daab0	modGraphics+modPlayer+modTextCrypt	Proc_4daab0
004dac30	modGraphics+modPlayer+modTextCrypt	Proc_4dac30
004dadd0	modGraphics+modPlayer+modTextCrypt	Proc_4dadd0
004db510	frmPrintOutput	Public_0
004dbb00	frmPrintOutput	Public_1
004dec50	frmPrintOutput	Public_2
004e0040	frmPrintOutput	Public_3
004e14f0	frmPrinterSetup	Public_0
004e15f0	frmPrinterSetup	Public_2
004e1b60	frmPrinterSetup	Public_3
004e2120	frmPrinterSetup	cboPageHigh_ev1
004e23e0	frmPrinterSetup	cboPageLow_ev1
004e26a0	frmPrinterSetup	cboPrinters_ev1
004e28f0	frmPrinterSetup	cmdCancel_ev0
004e2990	frmPrinterSetup	cmdOK_ev0
004e3ef0	frmPrinterSetup	cmdPrinterProperties_ev0
004e3fa0	frmPrinterSetup	Form_ev10
004e4130	frmPrinterSetup	Form_ev6
004e41c0	frmPrinterSetup	Public_12
004e4530	frmPrinterSetup	optPagesAll_ev0
004e4630	frmPrinterSetup	optPagesCurrent_ev0
004e4730	frmPrinterSetup	optPagesRange_ev0
004e4830	frmReader	Public_0
004e48a0	frmReader	Public_1
004e4910	frmReader	Public_2
004e4970	frmReader	Public_3
004e49e0	frmReader	Public_4
004e4a40	frmReader	Public_5
004e4ab0	frmReader	Public_6
004e4b10	frmReader	Public_7
004e4b80	frmReader	Public_8
004e4be0	frmReader	Public_9
004e4c50	frmReader	Public_10
004e4cb0	frmReader	Public_11
004e4d20	frmReader	Public_12
004e4d80	frmReader	Public_13
004e4df0	frmReader	Public_14
004e4ed0	frmReader	Public_15
004e4f60	frmReader	Public_16
004e5050	frmReader	Public_17
004e50e0	frmReader	Public_18
004e55a0	frmReader	Agent1_ev18
004e5760	frmReader	cmdClose_ev9
004e58e0	frmReader	cmdClose_ev16
004e5b10	frmReader	cmdClose_ev11
004e5da0	frmReader	cmdGoToPage_ev9
004e6240	frmReader	cmdGoToPage_ev16
004e6470	frmReader	cmdGoToPage_ev11
004e6700	frmReader	cmdMinimize_ev9
004e6850	frmReader	cmdMinimize_ev16
004e6a80	frmReader	cmdMinimize_ev11
004e6d10	frmReader	cmdNext_ev9
004e6ea0	frmReader	cmdNext_ev16
004e70d0	frmReader	cmdNext_ev11
004e7360	frmReader	cmdOptions_ev9
004e7570	frmReader	cmdOptions_ev16
004e77a0	frmReader	cmdOptions_ev11
004e7a30	frmReader	cmdPlay_ev9
004e7d80	frmReader	cmdPlay_ev10
004e8060	frmReader	cmdPlay_ev16
004e8110	frmReader	cmdPlay_ev11
004e8220	frmReader	cmdPrevious_ev9
004e84e0	frmReader	cmdPrevious_ev16
004e8710	frmReader	cmdPrevious_ev11
004e89a0	frmReader	cmdPrint_ev0
004e8ba0	frmReader	Form_ev10
004e8c80	frmReader	Form_ev6
004ea450	frmReader	Public_19
004ea560	frmReader	Form_ev19
004ea5e0	frmReader	Form_ev20
004ea7e0	frmReader	Form_ev21
004ea890	frmReader	Public_60
004eb930	frmReader	Public_20
004eba20	frmReader	Public_61
004ebe20	frmReader	Public_62
004ebf00	frmReader	Public_63
004ec0a0	frmReader	Public_21
004ec540	frmReader	Public_22
004ecc40	frmReader	Public_64
004ecdc0	frmReader	Public_65
004ed000	frmReader	Public_67
004ed9d0	frmReader	Form_ev8
004edf50	frmReader	imgBackground_ev4
004edff0	frmReader	imgBackground_ev5
004ee090	frmReader	imgBackground_ev6
004ee130	frmReader	Public_72
004ee270	frmReader	Public_74
004ee890	frmReader	Public_75
004f0320	frmReader	Public_77
004f0410	frmReader	Public_78
004f04e0	frmReader	Public_79
004f05a0	frmReader	m_MIE_ev4
004f06b0	frmReader	picPageCenter_ev1
004f0720	frmReader	sspanelTitleBar_ev10
004f07c0	frmReader	sspanelTitleBar_ev11
004f0860	frmReader	sspanelTitleBar_ev12
004f0900	frmReader	tmrBookStartTimer_ev0
004f0a80	frmReader	tmrInitTimer_ev0
004f0cb0	frmReader	Public_23
004f1320	frmReader	Public_24
004f15d0	frmReader	Public_25
004f1740	frmReader	Public_87
004f1d00	frmReader	Public_88
004f1e60	frmReader	Public_26
004f1f40	frmReader	Public_27
004f30e0	frmReader	Public_28
004f44b0	frmReader	Public_29
004f49e0	frmReader	Public_89
004f57c0	frmReader	Public_30
004f58b0	frmReader	tmrPrintTimer_ev0
004f5990	frmReader	Public_91
004f7030	frmPrinterSetupBATAN	Public_1
004f7200	frmPrinterSetupBATAN	Public_0
004f7300	frmPrinterSetupBATAN	Public_2
004f7860	frmPrinterSetupBATAN	Public_3
004f7e20	frmPrinterSetupBATAN	cboPageHigh_ev1
004f80e0	frmPrinterSetupBATAN	cboPageLow_ev1
004f83a0	frmPrinterSetupBATAN	cboPrinters_ev1
004f85f0	frmPrinterSetupBATAN	cmdCancel_ev0
004f8690	frmPrinterSetupBATAN	cmdOK_ev0
004f9ca0	frmPrinterSetupBATAN	Public_9
004fa180	frmPrinterSetupBATAN	cmdPrinterProperties_ev0
004fa230	frmPrinterSetupBATAN	Form_ev10
004fa300	frmPrinterSetupBATAN	Form_ev6
004fa390	frmPrinterSetupBATAN	Public_13
004fa740	frmPrinterSetupBATAN	Public_14
004fafc0	frmPrinterSetupBATAN	optPagesAll_ev0
004fb0c0	frmPrinterSetupBATAN	optPageSetFlashCards_ev0
004fb1b0	frmPrinterSetupBATAN	optPageSetNormal_ev0
004fb2a0	frmPrinterSetupBATAN	Public_18
004fb370	frmPrinterSetupBATAN	optPagesRange_ev0
004fb470	frmSplash	Public_0
004fb530	frmSplash	Public_1
004fb600	frmSplash	Public_2
004fb6c0	frmSplash	Public_3
004fb790	frmSplash	Public_4
004fb850	frmSplash	Public_5
004fb920	frmSplash	Form_ev6
004fba00	frmPrinterSetupBATTC	Public_1
004fbbd0	frmPrinterSetupBATTC	Public_0
004fbcd0	frmPrinterSetupBATTC	Public_2
004fc330	frmPrinterSetupBATTC	Public_3
004fc8f0	frmPrinterSetupBATTC	cboPageHigh_ev1
004fcbb0	frmPrinterSetupBATTC	cboPageLow_ev1
004fce70	frmPrinterSetupBATTC	cboPrinters_ev1
004fd0c0	frmPrinterSetupBATTC	cmdCancel_ev0
004fd160	frmPrinterSetupBATTC	cmdOK_ev0
004ff8d0	frmPrinterSetupBATTC	cmdPrinterProperties_ev0
004ff980	frmPrinterSetupBATTC	Form_ev10
004ffa50	frmPrinterSetupBATTC	Form_ev6
004ffae0	frmPrinterSetupBATTC	Public_12
004ffe90	frmPrinterSetupBATTC	Public_13
00500710	frmPrinterSetupBATTC	optPagesAll_ev0
00500810	frmPrinterSetupBATTC	optPagesCurrent_ev0
00500910	frmPrinterSetupBATTC	optPageSetColoringBook_ev0
00500b10	frmPrinterSetupBATTC	optPageSetNormal_ev0
00500c00	frmPrinterSetupBATTC	optPageSetTreasureChest_ev0
00500cf0	frmPrinterSetupBATTC	optPagesRange_ev0
